<?xml version='1.0' encoding='UTF-8'?>
<feed xmlns="http://www.w3.org/2005/Atom" xml:lang="en"><id>https://cheatsheetseries.owasp.org/</id><title>OWASP Cheat Sheet Series update</title><updated>2024-02-22T13:58:32+00:00</updated><author><name>Core team</name><email>dominique.righetto@owasp.org</email></author><link href="https://cheatsheetseries.owasp.org" rel="self"/><link href="https://github.com/OWASP/CheatSheetSeries" rel="alternate"/><generator uri="https://lkiesow.github.io/python-feedgen" version="0.9.0">python-feedgen</generator><icon>https://cheatsheetseries.owasp.org/gitbook/images/favicon.ico</icon><subtitle>List of the last updates on the content</subtitle><entry><id>https://github.com/OWASP/CheatSheetSeries/pull/1171</id><title>.NET Cheat Sheet spruce up</title><updated>2023-08-30T02:42:52+00:00</updated><link href="https://github.com/OWASP/CheatSheetSeries/pull/1171" rel="self"/><link href="https://github.com/OWASP/CheatSheetSeries/pull/1171" rel="alternate"/><contributor><name>szh</name><uri>https://github.com/szh</uri></contributor><published>2023-08-30T02:42:52+00:00</published></entry><entry><id>https://github.com/OWASP/CheatSheetSeries/pull/1174</id><title>Change entropy security claim</title><updated>2023-07-25T19:28:07+00:00</updated><link href="https://github.com/OWASP/CheatSheetSeries/pull/1174" rel="self"/><link href="https://github.com/OWASP/CheatSheetSeries/pull/1174" rel="alternate"/><published>2023-07-25T19:28:07+00:00</published></entry><entry><id>https://github.com/OWASP/CheatSheetSeries/pull/1177</id><title>Rewrite IDOR cheat sheet</title><updated>2023-07-31T20:05:43+00:00</updated><link href="https://github.com/OWASP/CheatSheetSeries/pull/1177" rel="self"/><link href="https://github.com/OWASP/CheatSheetSeries/pull/1177" rel="alternate"/><published>2023-07-31T20:05:43+00:00</published></entry><entry><id>https://github.com/OWASP/CheatSheetSeries/pull/1178</id><title>Add Shared Responsibility Model to Secure Cloud Architecture</title><updated>2023-08-25T22:08:54+00:00</updated><link href="https://github.com/OWASP/CheatSheetSeries/pull/1178" rel="self"/><link href="https://github.com/OWASP/CheatSheetSeries/pull/1178" rel="alternate"/><published>2023-08-25T22:08:54+00:00</published></entry><entry><id>https://github.com/OWASP/CheatSheetSeries/pull/1181</id><title>Update XML_External_Entity_Prevention_Cheat_Sheet.md</title><updated>2023-08-09T02:54:16+00:00</updated><link href="https://github.com/OWASP/CheatSheetSeries/pull/1181" rel="self"/><link href="https://github.com/OWASP/CheatSheetSeries/pull/1181" rel="alternate"/><published>2023-08-09T02:54:16+00:00</published></entry><entry><id>https://github.com/OWASP/CheatSheetSeries/pull/1184</id><title>Fix url for dotnet cheat sheet</title><updated>2023-08-23T13:51:53+00:00</updated><link href="https://github.com/OWASP/CheatSheetSeries/pull/1184" rel="self"/><link href="https://github.com/OWASP/CheatSheetSeries/pull/1184" rel="alternate"/><published>2023-08-23T13:51:53+00:00</published></entry><entry><id>https://github.com/OWASP/CheatSheetSeries/pull/1185</id><title>Fixes a typo</title><updated>2023-08-23T10:42:22+00:00</updated><link href="https://github.com/OWASP/CheatSheetSeries/pull/1185" rel="self"/><link href="https://github.com/OWASP/CheatSheetSeries/pull/1185" rel="alternate"/><published>2023-08-23T10:42:22+00:00</published></entry><entry><id>https://github.com/OWASP/CheatSheetSeries/pull/1188</id><title>Fix recommended password hashing implementations in .NET</title><updated>2023-08-29T13:20:53+00:00</updated><link href="https://github.com/OWASP/CheatSheetSeries/pull/1188" rel="self"/><link href="https://github.com/OWASP/CheatSheetSeries/pull/1188" rel="alternate"/><contributor><name>szh</name><uri>https://github.com/szh</uri></contributor><published>2023-08-29T13:20:53+00:00</published></entry><entry><id>https://github.com/OWASP/CheatSheetSeries/pull/1189</id><title>Logging_Cheat_Sheet.md Grammar</title><updated>2023-08-29T18:49:41+00:00</updated><link href="https://github.com/OWASP/CheatSheetSeries/pull/1189" rel="self"/><link href="https://github.com/OWASP/CheatSheetSeries/pull/1189" rel="alternate"/><published>2023-08-29T18:49:41+00:00</published></entry><entry><id>https://github.com/OWASP/CheatSheetSeries/pull/1190</id><title>Add Mobile Application Security Cheat Sheet</title><updated>2023-08-30T14:11:13+00:00</updated><link href="https://github.com/OWASP/CheatSheetSeries/pull/1190" rel="self"/><link href="https://github.com/OWASP/CheatSheetSeries/pull/1190" rel="alternate"/><published>2023-08-30T14:11:13+00:00</published></entry><entry><id>https://github.com/OWASP/CheatSheetSeries/pull/1192</id><title>Clarify Definition of Alphanumeric Characters in Output Encoding Rules</title><updated>2023-09-01T13:59:11+00:00</updated><link href="https://github.com/OWASP/CheatSheetSeries/pull/1192" rel="self"/><link href="https://github.com/OWASP/CheatSheetSeries/pull/1192" rel="alternate"/><published>2023-09-01T13:59:11+00:00</published></entry><entry><id>https://github.com/OWASP/CheatSheetSeries/pull/1193</id><title>CSP: update refs</title><updated>2023-09-05T13:42:00+00:00</updated><link href="https://github.com/OWASP/CheatSheetSeries/pull/1193" rel="self"/><link href="https://github.com/OWASP/CheatSheetSeries/pull/1193" rel="alternate"/><published>2023-09-05T13:42:00+00:00</published></entry><entry><id>https://github.com/OWASP/CheatSheetSeries/pull/1194</id><title>Fix grammar in Microservices Security Cheat Sheet</title><updated>2023-09-06T13:18:03+00:00</updated><link href="https://github.com/OWASP/CheatSheetSeries/pull/1194" rel="self"/><link href="https://github.com/OWASP/CheatSheetSeries/pull/1194" rel="alternate"/><published>2023-09-06T13:18:03+00:00</published></entry><entry><id>https://github.com/OWASP/CheatSheetSeries/pull/1198</id><title>Fix typos in Kubernetes Security cheat sheet</title><updated>2023-09-07T21:24:02+00:00</updated><link href="https://github.com/OWASP/CheatSheetSeries/pull/1198" rel="self"/><link href="https://github.com/OWASP/CheatSheetSeries/pull/1198" rel="alternate"/><published>2023-09-07T21:24:02+00:00</published></entry><entry><id>https://github.com/OWASP/CheatSheetSeries/pull/1199</id><title>Update Nodejs_Security_Cheat_Sheet.md</title><updated>2023-09-08T16:07:23+00:00</updated><link href="https://github.com/OWASP/CheatSheetSeries/pull/1199" rel="self"/><link href="https://github.com/OWASP/CheatSheetSeries/pull/1199" rel="alternate"/><published>2023-09-08T16:07:23+00:00</published></entry><entry><id>https://github.com/OWASP/CheatSheetSeries/pull/1204</id><title>Updates for the Cryptographic_Storage_Cheat_Sheet.md</title><updated>2023-09-17T23:02:49+00:00</updated><link href="https://github.com/OWASP/CheatSheetSeries/pull/1204" rel="self"/><link href="https://github.com/OWASP/CheatSheetSeries/pull/1204" rel="alternate"/><published>2023-09-17T23:02:49+00:00</published></entry><entry><id>https://github.com/OWASP/CheatSheetSeries/pull/1206</id><title>Introduce python venv to Makefile</title><updated>2023-09-22T13:54:29+00:00</updated><link href="https://github.com/OWASP/CheatSheetSeries/pull/1206" rel="self"/><link href="https://github.com/OWASP/CheatSheetSeries/pull/1206" rel="alternate"/><published>2023-09-22T13:54:29+00:00</published></entry><entry><id>https://github.com/OWASP/CheatSheetSeries/pull/1207</id><title>Add context to security headers in REST Security Cheat Sheet</title><updated>2023-09-21T13:52:56+00:00</updated><link href="https://github.com/OWASP/CheatSheetSeries/pull/1207" rel="self"/><link href="https://github.com/OWASP/CheatSheetSeries/pull/1207" rel="alternate"/><published>2023-09-21T13:52:56+00:00</published></entry><entry><id>https://github.com/OWASP/CheatSheetSeries/pull/1209</id><title>Add separate try/catch while setting features in XEE Prevention (#1098)</title><updated>2023-09-27T03:24:11+00:00</updated><link href="https://github.com/OWASP/CheatSheetSeries/pull/1209" rel="self"/><link href="https://github.com/OWASP/CheatSheetSeries/pull/1209" rel="alternate"/><published>2023-09-27T03:24:11+00:00</published></entry><entry><id>https://github.com/OWASP/CheatSheetSeries/pull/1210</id><title>Add additional documentation for PII in Session Management Cheat Shee…</title><updated>2023-10-03T12:40:36+00:00</updated><link href="https://github.com/OWASP/CheatSheetSeries/pull/1210" rel="self"/><link href="https://github.com/OWASP/CheatSheetSeries/pull/1210" rel="alternate"/><published>2023-10-03T12:40:36+00:00</published></entry><entry><id>https://github.com/OWASP/CheatSheetSeries/pull/1211</id><title>Fixing typo in Access_Control_Cheat_Sheet.md</title><updated>2023-09-28T12:40:57+00:00</updated><link href="https://github.com/OWASP/CheatSheetSeries/pull/1211" rel="self"/><link href="https://github.com/OWASP/CheatSheetSeries/pull/1211" rel="alternate"/><published>2023-09-28T12:40:57+00:00</published></entry><entry><id>https://github.com/OWASP/CheatSheetSeries/pull/1213</id><title>Update mkdocs.yml to make copywrite date automatically update</title><updated>2023-10-09T14:04:49+00:00</updated><link href="https://github.com/OWASP/CheatSheetSeries/pull/1213" rel="self"/><link href="https://github.com/OWASP/CheatSheetSeries/pull/1213" rel="alternate"/><published>2023-10-09T14:04:49+00:00</published></entry><entry><id>https://github.com/OWASP/CheatSheetSeries/pull/1214</id><title>Performing an update to the CSP cheatsheet, both structure and content</title><updated>2023-10-09T14:05:46+00:00</updated><link href="https://github.com/OWASP/CheatSheetSeries/pull/1214" rel="self"/><link href="https://github.com/OWASP/CheatSheetSeries/pull/1214" rel="alternate"/><published>2023-10-09T14:05:46+00:00</published></entry><entry><id>https://github.com/OWASP/CheatSheetSeries/pull/1218</id><title>Deserialization_Cheat_Sheet.html#java - Other formats/libraries</title><updated>2023-10-16T19:31:29+00:00</updated><link href="https://github.com/OWASP/CheatSheetSeries/pull/1218" rel="self"/><link href="https://github.com/OWASP/CheatSheetSeries/pull/1218" rel="alternate"/><published>2023-10-16T19:31:29+00:00</published></entry><entry><id>https://github.com/OWASP/CheatSheetSeries/pull/1219</id><title>Remove @SafeHtml from Bean Validation Cheat Sheet (#888)</title><updated>2023-10-25T12:55:10+00:00</updated><link href="https://github.com/OWASP/CheatSheetSeries/pull/1219" rel="self"/><link href="https://github.com/OWASP/CheatSheetSeries/pull/1219" rel="alternate"/><published>2023-10-25T12:55:10+00:00</published></entry><entry><id>https://github.com/OWASP/CheatSheetSeries/pull/1220</id><title>Add section on Cookie-to-header token (#1215)</title><updated>2023-10-26T22:31:38+00:00</updated><link href="https://github.com/OWASP/CheatSheetSeries/pull/1220" rel="self"/><link href="https://github.com/OWASP/CheatSheetSeries/pull/1220" rel="alternate"/><published>2023-10-26T22:31:38+00:00</published></entry><entry><id>https://github.com/OWASP/CheatSheetSeries/pull/1224</id><title>Update to Cred Stuffing Cheat Sheet</title><updated>2023-11-13T13:57:27+00:00</updated><link href="https://github.com/OWASP/CheatSheetSeries/pull/1224" rel="self"/><link href="https://github.com/OWASP/CheatSheetSeries/pull/1224" rel="alternate"/><contributor><name>szh</name><uri>https://github.com/szh</uri></contributor><published>2023-11-13T13:57:27+00:00</published></entry><entry><id>https://github.com/OWASP/CheatSheetSeries/pull/1226</id><title>Update Password_Storage_Cheat_Sheet.md</title><updated>2023-11-18T18:04:27+00:00</updated><link href="https://github.com/OWASP/CheatSheetSeries/pull/1226" rel="self"/><link href="https://github.com/OWASP/CheatSheetSeries/pull/1226" rel="alternate"/><published>2023-11-18T18:04:27+00:00</published></entry><entry><id>https://github.com/OWASP/CheatSheetSeries/pull/1227</id><title>Update of Threat Model Cheatshet</title><updated>2023-11-22T14:35:35+00:00</updated><link href="https://github.com/OWASP/CheatSheetSeries/pull/1227" rel="self"/><link href="https://github.com/OWASP/CheatSheetSeries/pull/1227" rel="alternate"/><contributor><name>szh</name><uri>https://github.com/szh</uri></contributor><published>2023-11-22T14:35:35+00:00</published></entry><entry><id>https://github.com/OWASP/CheatSheetSeries/pull/1228</id><title>Update SQL_Injection_Prevention_Cheat_Sheet.md</title><updated>2023-11-22T14:31:29+00:00</updated><link href="https://github.com/OWASP/CheatSheetSeries/pull/1228" rel="self"/><link href="https://github.com/OWASP/CheatSheetSeries/pull/1228" rel="alternate"/><published>2023-11-22T14:31:29+00:00</published></entry><entry><id>https://github.com/OWASP/CheatSheetSeries/pull/1229</id><title>Update Password_Storage_Cheat_Sheet.md</title><updated>2023-11-22T14:38:42+00:00</updated><link href="https://github.com/OWASP/CheatSheetSeries/pull/1229" rel="self"/><link href="https://github.com/OWASP/CheatSheetSeries/pull/1229" rel="alternate"/><published>2023-11-22T14:38:42+00:00</published></entry><entry><id>https://github.com/OWASP/CheatSheetSeries/pull/1230</id><title>Symfony cheatsheet</title><updated>2023-11-29T12:31:59+00:00</updated><link href="https://github.com/OWASP/CheatSheetSeries/pull/1230" rel="self"/><link href="https://github.com/OWASP/CheatSheetSeries/pull/1230" rel="alternate"/><published>2023-11-29T12:31:59+00:00</published></entry><entry><id>https://github.com/OWASP/CheatSheetSeries/pull/1233</id><title>Updated spelling and grammar for Abuse_Case_Cheat_Sheet.md</title><updated>2023-11-27T12:59:30+00:00</updated><link href="https://github.com/OWASP/CheatSheetSeries/pull/1233" rel="self"/><link href="https://github.com/OWASP/CheatSheetSeries/pull/1233" rel="alternate"/><published>2023-11-27T12:59:30+00:00</published></entry><entry><id>https://github.com/OWASP/CheatSheetSeries/pull/1237</id><title>Create OAuth2_Cheat_Sheet</title><updated>2024-01-10T18:26:14+00:00</updated><link href="https://github.com/OWASP/CheatSheetSeries/pull/1237" rel="self"/><link href="https://github.com/OWASP/CheatSheetSeries/pull/1237" rel="alternate"/><published>2024-01-10T18:26:14+00:00</published></entry><entry><id>https://github.com/OWASP/CheatSheetSeries/pull/1238</id><title>Add Django Security Cheat Sheet (#1035)</title><updated>2023-11-29T12:31:15+00:00</updated><link href="https://github.com/OWASP/CheatSheetSeries/pull/1238" rel="self"/><link href="https://github.com/OWASP/CheatSheetSeries/pull/1238" rel="alternate"/><published>2023-11-29T12:31:15+00:00</published></entry><entry><id>https://github.com/OWASP/CheatSheetSeries/pull/1240</id><title>#1239 - fix Threat Modeling Cheat Sheet table with table generator</title><updated>2023-11-29T17:45:01+00:00</updated><link href="https://github.com/OWASP/CheatSheetSeries/pull/1240" rel="self"/><link href="https://github.com/OWASP/CheatSheetSeries/pull/1240" rel="alternate"/><published>2023-11-29T17:45:01+00:00</published></entry><entry><id>https://github.com/OWASP/CheatSheetSeries/pull/1242</id><title>Fix inter-CS links</title><updated>2023-11-29T20:23:25+00:00</updated><link href="https://github.com/OWASP/CheatSheetSeries/pull/1242" rel="self"/><link href="https://github.com/OWASP/CheatSheetSeries/pull/1242" rel="alternate"/><published>2023-11-29T20:23:25+00:00</published></entry><entry><id>https://github.com/OWASP/CheatSheetSeries/pull/1245</id><title>Update Authentication_Cheat_Sheet.md</title><updated>2023-12-18T15:19:24+00:00</updated><link href="https://github.com/OWASP/CheatSheetSeries/pull/1245" rel="self"/><link href="https://github.com/OWASP/CheatSheetSeries/pull/1245" rel="alternate"/><published>2023-12-18T15:19:24+00:00</published></entry><entry><id>https://github.com/OWASP/CheatSheetSeries/pull/1246</id><title>Update pull_request_template.md</title><updated>2023-12-01T22:08:58+00:00</updated><link href="https://github.com/OWASP/CheatSheetSeries/pull/1246" rel="self"/><link href="https://github.com/OWASP/CheatSheetSeries/pull/1246" rel="alternate"/><published>2023-12-01T22:08:58+00:00</published></entry><entry><id>https://github.com/OWASP/CheatSheetSeries/pull/1247</id><title>Update Cross-Site_Request_Forgery_Prevention_Cheat_Sheet.md by R. Thornton</title><updated>2023-12-06T14:24:07+00:00</updated><link href="https://github.com/OWASP/CheatSheetSeries/pull/1247" rel="self"/><link href="https://github.com/OWASP/CheatSheetSeries/pull/1247" rel="alternate"/><published>2023-12-06T14:24:07+00:00</published></entry><entry><id>https://github.com/OWASP/CheatSheetSeries/pull/1248</id><title>Update Multifactor_Authentication_Cheat_Sheet.md</title><updated>2023-12-06T05:20:20+00:00</updated><link href="https://github.com/OWASP/CheatSheetSeries/pull/1248" rel="self"/><link href="https://github.com/OWASP/CheatSheetSeries/pull/1248" rel="alternate"/><published>2023-12-06T05:20:20+00:00</published></entry><entry><id>https://github.com/OWASP/CheatSheetSeries/pull/1250</id><title>Update LDAP_Injection_Prevention_Cheat_Sheet.md</title><updated>2023-12-06T13:45:48+00:00</updated><link href="https://github.com/OWASP/CheatSheetSeries/pull/1250" rel="self"/><link href="https://github.com/OWASP/CheatSheetSeries/pull/1250" rel="alternate"/><published>2023-12-06T13:45:48+00:00</published></entry><entry><id>https://github.com/OWASP/CheatSheetSeries/pull/1253</id><title>Update Cross-Site_Request_Forgery_Prevention_Cheat_Sheet.md</title><updated>2023-12-06T14:32:01+00:00</updated><link href="https://github.com/OWASP/CheatSheetSeries/pull/1253" rel="self"/><link href="https://github.com/OWASP/CheatSheetSeries/pull/1253" rel="alternate"/><published>2023-12-06T14:32:01+00:00</published></entry><entry><id>https://github.com/OWASP/CheatSheetSeries/pull/1255</id><title>Update: [XSS Filter Evasion Cheat Sheet] #1254</title><updated>2023-12-07T16:35:37+00:00</updated><link href="https://github.com/OWASP/CheatSheetSeries/pull/1255" rel="self"/><link href="https://github.com/OWASP/CheatSheetSeries/pull/1255" rel="alternate"/><published>2023-12-07T16:35:37+00:00</published></entry><entry><id>https://github.com/OWASP/CheatSheetSeries/pull/1256</id><title>Update: [XSS Filter Evasion Cheat Sheet] #1255</title><updated>2023-12-08T13:56:02+00:00</updated><link href="https://github.com/OWASP/CheatSheetSeries/pull/1256" rel="self"/><link href="https://github.com/OWASP/CheatSheetSeries/pull/1256" rel="alternate"/><published>2023-12-08T13:56:02+00:00</published></entry><entry><id>https://github.com/OWASP/CheatSheetSeries/pull/1257</id><title>Add guidance on handling secrets in memory</title><updated>2023-12-08T16:03:32+00:00</updated><link href="https://github.com/OWASP/CheatSheetSeries/pull/1257" rel="self"/><link href="https://github.com/OWASP/CheatSheetSeries/pull/1257" rel="alternate"/><published>2023-12-08T16:03:32+00:00</published></entry><entry><id>https://github.com/OWASP/CheatSheetSeries/pull/1258</id><title>Update Cross_Site_Scripting_Prevention_Cheat_Sheet.md</title><updated>2023-12-08T18:55:22+00:00</updated><link href="https://github.com/OWASP/CheatSheetSeries/pull/1258" rel="self"/><link href="https://github.com/OWASP/CheatSheetSeries/pull/1258" rel="alternate"/><published>2023-12-08T18:55:22+00:00</published></entry><entry><id>https://github.com/OWASP/CheatSheetSeries/pull/1260</id><title>CI: bump GH action versions</title><updated>2023-12-13T17:32:49+00:00</updated><link href="https://github.com/OWASP/CheatSheetSeries/pull/1260" rel="self"/><link href="https://github.com/OWASP/CheatSheetSeries/pull/1260" rel="alternate"/><contributor><name>szh</name><uri>https://github.com/szh</uri></contributor><published>2023-12-13T17:32:49+00:00</published></entry><entry><id>https://github.com/OWASP/CheatSheetSeries/pull/1261</id><title>DjangoCheatSheet - modification of admin panel url</title><updated>2023-12-14T15:50:28+00:00</updated><link href="https://github.com/OWASP/CheatSheetSeries/pull/1261" rel="self"/><link href="https://github.com/OWASP/CheatSheetSeries/pull/1261" rel="alternate"/><published>2023-12-14T15:50:28+00:00</published></entry><entry><id>https://github.com/OWASP/CheatSheetSeries/pull/1263</id><title>Minor Typo in Update Cross_Site_Scripting_Prevention_Cheat_Sheet.md</title><updated>2023-12-19T09:36:50+00:00</updated><link href="https://github.com/OWASP/CheatSheetSeries/pull/1263" rel="self"/><link href="https://github.com/OWASP/CheatSheetSeries/pull/1263" rel="alternate"/><published>2023-12-19T09:36:50+00:00</published></entry><entry><id>https://github.com/OWASP/CheatSheetSeries/pull/1264</id><title>Fixed typo</title><updated>2023-12-20T11:31:46+00:00</updated><link href="https://github.com/OWASP/CheatSheetSeries/pull/1264" rel="self"/><link href="https://github.com/OWASP/CheatSheetSeries/pull/1264" rel="alternate"/><published>2023-12-20T11:31:46+00:00</published></entry><entry><id>https://github.com/OWASP/CheatSheetSeries/pull/1266</id><title>Address GitHub Issue #1265</title><updated>2023-12-26T18:35:33+00:00</updated><link href="https://github.com/OWASP/CheatSheetSeries/pull/1266" rel="self"/><link href="https://github.com/OWASP/CheatSheetSeries/pull/1266" rel="alternate"/><published>2023-12-26T18:35:33+00:00</published></entry><entry><id>https://github.com/OWASP/CheatSheetSeries/pull/1267</id><title>Address @szh's suggested grammatical changes.</title><updated>2024-01-08T22:13:11+00:00</updated><link href="https://github.com/OWASP/CheatSheetSeries/pull/1267" rel="self"/><link href="https://github.com/OWASP/CheatSheetSeries/pull/1267" rel="alternate"/><published>2024-01-08T22:13:11+00:00</published></entry><entry><id>https://github.com/OWASP/CheatSheetSeries/pull/1268</id><title>Create CI/CD cheatsheet</title><updated>2024-01-05T14:12:25+00:00</updated><link href="https://github.com/OWASP/CheatSheetSeries/pull/1268" rel="self"/><link href="https://github.com/OWASP/CheatSheetSeries/pull/1268" rel="alternate"/><published>2024-01-05T14:12:25+00:00</published></entry><entry><id>https://github.com/OWASP/CheatSheetSeries/pull/1270</id><title>Update Node.js Docker Cheat Sheet to use npm ci --omit=dev for installing production dependencies</title><updated>2024-01-03T13:42:51+00:00</updated><link href="https://github.com/OWASP/CheatSheetSeries/pull/1270" rel="self"/><link href="https://github.com/OWASP/CheatSheetSeries/pull/1270" rel="alternate"/><published>2024-01-03T13:42:51+00:00</published></entry><entry><id>https://github.com/OWASP/CheatSheetSeries/pull/1271</id><title>Update Threat_Modeling_Cheat_Sheet.md</title><updated>2024-01-04T13:31:52+00:00</updated><link href="https://github.com/OWASP/CheatSheetSeries/pull/1271" rel="self"/><link href="https://github.com/OWASP/CheatSheetSeries/pull/1271" rel="alternate"/><published>2024-01-04T13:31:52+00:00</published></entry><entry><id>https://github.com/OWASP/CheatSheetSeries/pull/1272</id><title>Updated link in Cross-Site_Request_Forgery_Prevention_Cheat_Sheet.md</title><updated>2024-01-07T16:47:36+00:00</updated><link href="https://github.com/OWASP/CheatSheetSeries/pull/1272" rel="self"/><link href="https://github.com/OWASP/CheatSheetSeries/pull/1272" rel="alternate"/><published>2024-01-07T16:47:36+00:00</published></entry><entry><id>https://github.com/OWASP/CheatSheetSeries/pull/1274</id><title>Update Kubernetes_Security_Cheat_Sheet.md</title><updated>2024-01-09T01:25:27+00:00</updated><link href="https://github.com/OWASP/CheatSheetSeries/pull/1274" rel="self"/><link href="https://github.com/OWASP/CheatSheetSeries/pull/1274" rel="alternate"/><published>2024-01-09T01:25:27+00:00</published></entry><entry><id>https://github.com/OWASP/CheatSheetSeries/pull/1275</id><title>Add Docker Scout as suggested tool</title><updated>2024-01-09T18:02:36+00:00</updated><link href="https://github.com/OWASP/CheatSheetSeries/pull/1275" rel="self"/><link href="https://github.com/OWASP/CheatSheetSeries/pull/1275" rel="alternate"/><published>2024-01-09T18:02:36+00:00</published></entry><entry><id>https://github.com/OWASP/CheatSheetSeries/pull/1277</id><title>Fix GH checkout action not fetching all branches</title><updated>2024-01-09T20:46:25+00:00</updated><link href="https://github.com/OWASP/CheatSheetSeries/pull/1277" rel="self"/><link href="https://github.com/OWASP/CheatSheetSeries/pull/1277" rel="alternate"/><published>2024-01-09T20:46:25+00:00</published></entry><entry><id>https://github.com/OWASP/CheatSheetSeries/pull/1278</id><title>fix: Authentication Cheat Sheet: Correct grammar and markdown style</title><updated>2024-01-10T07:52:49+00:00</updated><link href="https://github.com/OWASP/CheatSheetSeries/pull/1278" rel="self"/><link href="https://github.com/OWASP/CheatSheetSeries/pull/1278" rel="alternate"/><published>2024-01-10T07:52:49+00:00</published></entry><entry><id>https://github.com/OWASP/CheatSheetSeries/pull/1279</id><title>Fix Typo in Threat_Modeling_Cheat_Sheet.md</title><updated>2024-01-10T14:39:35+00:00</updated><link href="https://github.com/OWASP/CheatSheetSeries/pull/1279" rel="self"/><link href="https://github.com/OWASP/CheatSheetSeries/pull/1279" rel="alternate"/><published>2024-01-10T14:39:35+00:00</published></entry><entry><id>https://github.com/OWASP/CheatSheetSeries/pull/1280</id><title>Update Authentication_Cheat_Sheet.md</title><updated>2024-02-14T14:02:48+00:00</updated><link href="https://github.com/OWASP/CheatSheetSeries/pull/1280" rel="self"/><link href="https://github.com/OWASP/CheatSheetSeries/pull/1280" rel="alternate"/><published>2024-02-14T14:02:48+00:00</published></entry><entry><id>https://github.com/OWASP/CheatSheetSeries/pull/1283</id><title>Update Authorization_Cheat_Sheet.md</title><updated>2024-01-13T20:24:48+00:00</updated><link href="https://github.com/OWASP/CheatSheetSeries/pull/1283" rel="self"/><link href="https://github.com/OWASP/CheatSheetSeries/pull/1283" rel="alternate"/><published>2024-01-13T20:24:48+00:00</published></entry><entry><id>https://github.com/OWASP/CheatSheetSeries/pull/1285</id><title>docs: fix anchor in CSRF cheat sheet</title><updated>2024-01-17T13:44:45+00:00</updated><link href="https://github.com/OWASP/CheatSheetSeries/pull/1285" rel="self"/><link href="https://github.com/OWASP/CheatSheetSeries/pull/1285" rel="alternate"/><published>2024-01-17T13:44:45+00:00</published></entry><entry><id>https://github.com/OWASP/CheatSheetSeries/pull/1286</id><title>super simple typo on cheatsheets/Injection_Prevention_Cheat_Sheet.md</title><updated>2024-01-17T13:42:57+00:00</updated><link href="https://github.com/OWASP/CheatSheetSeries/pull/1286" rel="self"/><link href="https://github.com/OWASP/CheatSheetSeries/pull/1286" rel="alternate"/><published>2024-01-17T13:42:57+00:00</published></entry><entry><id>https://github.com/OWASP/CheatSheetSeries/pull/1287</id><title>XXE on ASP.NET addition</title><updated>2024-01-18T19:04:49+00:00</updated><link href="https://github.com/OWASP/CheatSheetSeries/pull/1287" rel="self"/><link href="https://github.com/OWASP/CheatSheetSeries/pull/1287" rel="alternate"/><published>2024-01-18T19:04:49+00:00</published></entry><entry><id>https://github.com/OWASP/CheatSheetSeries/pull/1288</id><title>Protect SchemaFactory in code sample for Validator</title><updated>2024-01-18T13:47:39+00:00</updated><link href="https://github.com/OWASP/CheatSheetSeries/pull/1288" rel="self"/><link href="https://github.com/OWASP/CheatSheetSeries/pull/1288" rel="alternate"/><published>2024-01-18T13:47:39+00:00</published></entry><entry><id>https://github.com/OWASP/CheatSheetSeries/pull/1290</id><title>Update Denial_of_Service_Cheat_Sheet.md</title><updated>2024-01-21T16:46:28+00:00</updated><link href="https://github.com/OWASP/CheatSheetSeries/pull/1290" rel="self"/><link href="https://github.com/OWASP/CheatSheetSeries/pull/1290" rel="alternate"/><published>2024-01-21T16:46:28+00:00</published></entry><entry><id>https://github.com/OWASP/CheatSheetSeries/pull/1291</id><title>chore(Secure_Cloud_Arch): Update links &amp; wording</title><updated>2024-01-24T14:09:30+00:00</updated><link href="https://github.com/OWASP/CheatSheetSeries/pull/1291" rel="self"/><link href="https://github.com/OWASP/CheatSheetSeries/pull/1291" rel="alternate"/><published>2024-01-24T14:09:30+00:00</published></entry><entry><id>https://github.com/OWASP/CheatSheetSeries/pull/1292</id><title>Fix missing closing parenthesis in Java code example in Input_Validation_Cheat_Sheet.md</title><updated>2024-01-24T14:09:41+00:00</updated><link href="https://github.com/OWASP/CheatSheetSeries/pull/1292" rel="self"/><link href="https://github.com/OWASP/CheatSheetSeries/pull/1292" rel="alternate"/><published>2024-01-24T14:09:41+00:00</published></entry><entry><id>https://github.com/OWASP/CheatSheetSeries/pull/1293</id><title>chore(images): compress/optimize</title><updated>2024-01-25T14:04:00+00:00</updated><link href="https://github.com/OWASP/CheatSheetSeries/pull/1293" rel="self"/><link href="https://github.com/OWASP/CheatSheetSeries/pull/1293" rel="alternate"/><published>2024-01-25T14:04:00+00:00</published></entry><entry><id>https://github.com/OWASP/CheatSheetSeries/pull/1294</id><title>Fix typos in multiple cheat sheets</title><updated>2024-01-25T13:58:47+00:00</updated><link href="https://github.com/OWASP/CheatSheetSeries/pull/1294" rel="self"/><link href="https://github.com/OWASP/CheatSheetSeries/pull/1294" rel="alternate"/><published>2024-01-25T13:58:47+00:00</published></entry><entry><id>https://github.com/OWASP/CheatSheetSeries/pull/1296</id><title>Rename Transport Layer Protection to Transport Layer Security &amp; Consolidate TLS Cipher</title><updated>2024-01-29T14:10:38+00:00</updated><link href="https://github.com/OWASP/CheatSheetSeries/pull/1296" rel="self"/><link href="https://github.com/OWASP/CheatSheetSeries/pull/1296" rel="alternate"/><published>2024-01-29T14:10:38+00:00</published></entry><entry><id>https://github.com/OWASP/CheatSheetSeries/pull/1298</id><title>Align MASVS Index to v2.1.0 of the standard</title><updated>2024-02-02T12:36:58+00:00</updated><link href="https://github.com/OWASP/CheatSheetSeries/pull/1298" rel="self"/><link href="https://github.com/OWASP/CheatSheetSeries/pull/1298" rel="alternate"/><published>2024-02-02T12:36:58+00:00</published></entry><entry><id>https://github.com/OWASP/CheatSheetSeries/pull/1299</id><title>feat(MFA): Comprehensive Update</title><updated>2024-01-30T12:06:12+00:00</updated><link href="https://github.com/OWASP/CheatSheetSeries/pull/1299" rel="self"/><link href="https://github.com/OWASP/CheatSheetSeries/pull/1299" rel="alternate"/><published>2024-01-30T12:06:12+00:00</published></entry><entry><id>https://github.com/OWASP/CheatSheetSeries/pull/1301</id><title>feat(Docker): add Secrets, Compose v2, Supply Chain Security, Podman</title><updated>2024-02-02T12:38:49+00:00</updated><link href="https://github.com/OWASP/CheatSheetSeries/pull/1301" rel="self"/><link href="https://github.com/OWASP/CheatSheetSeries/pull/1301" rel="alternate"/><published>2024-02-02T12:38:49+00:00</published></entry><entry><id>https://github.com/OWASP/CheatSheetSeries/pull/1303</id><title>Update XML_Security_Cheat_Sheet.md</title><updated>2024-02-02T10:25:05+00:00</updated><link href="https://github.com/OWASP/CheatSheetSeries/pull/1303" rel="self"/><link href="https://github.com/OWASP/CheatSheetSeries/pull/1303" rel="alternate"/><published>2024-02-02T10:25:05+00:00</published></entry><entry><id>https://github.com/OWASP/CheatSheetSeries/pull/1304</id><title>fixed Typos in Kubernetes Security cheat sheet</title><updated>2024-02-02T10:28:01+00:00</updated><link href="https://github.com/OWASP/CheatSheetSeries/pull/1304" rel="self"/><link href="https://github.com/OWASP/CheatSheetSeries/pull/1304" rel="alternate"/><published>2024-02-02T10:28:01+00:00</published></entry><entry><id>https://github.com/OWASP/CheatSheetSeries/pull/1305</id><title>Update XML_External_Entity_Prevention_Cheat_Sheet.md</title><updated>2024-02-02T10:32:46+00:00</updated><link href="https://github.com/OWASP/CheatSheetSeries/pull/1305" rel="self"/><link href="https://github.com/OWASP/CheatSheetSeries/pull/1305" rel="alternate"/><published>2024-02-02T10:32:46+00:00</published></entry><entry><id>https://github.com/OWASP/CheatSheetSeries/pull/1307</id><title>Update Authorization_Testing_Automation_Cheat_Sheet.md</title><updated>2024-02-02T11:54:00+00:00</updated><link href="https://github.com/OWASP/CheatSheetSeries/pull/1307" rel="self"/><link href="https://github.com/OWASP/CheatSheetSeries/pull/1307" rel="alternate"/><published>2024-02-02T11:54:00+00:00</published></entry><entry><id>https://github.com/OWASP/CheatSheetSeries/pull/1308</id><title>feat: update logos, dark theme, navbar defaults and misc fixes</title><updated>2024-02-06T11:55:11+00:00</updated><link href="https://github.com/OWASP/CheatSheetSeries/pull/1308" rel="self"/><link href="https://github.com/OWASP/CheatSheetSeries/pull/1308" rel="alternate"/><published>2024-02-06T11:55:11+00:00</published></entry><entry><id>https://github.com/OWASP/CheatSheetSeries/pull/1310</id><title>Fix typos and minor grammar issues in Cross Site Request Forgery Prevention Cheat Sheet</title><updated>2024-02-05T18:02:07+00:00</updated><link href="https://github.com/OWASP/CheatSheetSeries/pull/1310" rel="self"/><link href="https://github.com/OWASP/CheatSheetSeries/pull/1310" rel="alternate"/><published>2024-02-05T18:02:07+00:00</published></entry><entry><id>https://github.com/OWASP/CheatSheetSeries/pull/1311</id><title>Fixed incorrect URL</title><updated>2024-02-06T12:00:37+00:00</updated><link href="https://github.com/OWASP/CheatSheetSeries/pull/1311" rel="self"/><link href="https://github.com/OWASP/CheatSheetSeries/pull/1311" rel="alternate"/><published>2024-02-06T12:00:37+00:00</published></entry><entry><id>https://github.com/OWASP/CheatSheetSeries/pull/1312</id><title>Fix typo</title><updated>2024-02-06T14:30:46+00:00</updated><link href="https://github.com/OWASP/CheatSheetSeries/pull/1312" rel="self"/><link href="https://github.com/OWASP/CheatSheetSeries/pull/1312" rel="alternate"/><published>2024-02-06T14:30:46+00:00</published></entry><entry><id>https://github.com/OWASP/CheatSheetSeries/pull/1314</id><title>fixed typo</title><updated>2024-02-07T13:47:04+00:00</updated><link href="https://github.com/OWASP/CheatSheetSeries/pull/1314" rel="self"/><link href="https://github.com/OWASP/CheatSheetSeries/pull/1314" rel="alternate"/><published>2024-02-07T13:47:04+00:00</published></entry><entry><id>https://github.com/OWASP/CheatSheetSeries/pull/1316</id><title>chore(license): apply consistent `CC-BY-SA-4.0`</title><updated>2024-02-08T12:06:42+00:00</updated><link href="https://github.com/OWASP/CheatSheetSeries/pull/1316" rel="self"/><link href="https://github.com/OWASP/CheatSheetSeries/pull/1316" rel="alternate"/><published>2024-02-08T12:06:42+00:00</published></entry><entry><id>https://github.com/OWASP/CheatSheetSeries/pull/1317</id><title>Update XML_Security_Cheat_Sheet.md</title><updated>2024-02-08T12:31:03+00:00</updated><link href="https://github.com/OWASP/CheatSheetSeries/pull/1317" rel="self"/><link href="https://github.com/OWASP/CheatSheetSeries/pull/1317" rel="alternate"/><published>2024-02-08T12:31:03+00:00</published></entry><entry><id>https://github.com/OWASP/CheatSheetSeries/pull/1318</id><title>feat(preface): dark mode friendly logo &amp; header</title><updated>2024-02-14T14:00:28+00:00</updated><link href="https://github.com/OWASP/CheatSheetSeries/pull/1318" rel="self"/><link href="https://github.com/OWASP/CheatSheetSeries/pull/1318" rel="alternate"/><published>2024-02-14T14:00:28+00:00</published></entry><entry><id>https://github.com/OWASP/CheatSheetSeries/pull/1321</id><title>RLT Tech Writer: edits to XML Filter Evasion cheat sheet for clarity </title><updated>2024-02-14T13:58:56+00:00</updated><link href="https://github.com/OWASP/CheatSheetSeries/pull/1321" rel="self"/><link href="https://github.com/OWASP/CheatSheetSeries/pull/1321" rel="alternate"/><published>2024-02-14T13:58:56+00:00</published></entry><entry><id>https://github.com/OWASP/CheatSheetSeries/pull/1323</id><title>Update Transport_Layer_Security_Cheat_Sheet.md</title><updated>2024-02-13T13:42:56+00:00</updated><link href="https://github.com/OWASP/CheatSheetSeries/pull/1323" rel="self"/><link href="https://github.com/OWASP/CheatSheetSeries/pull/1323" rel="alternate"/><published>2024-02-13T13:42:56+00:00</published></entry><entry><id>https://github.com/OWASP/CheatSheetSeries/pull/1324</id><title>Escape '*' characters that were improperly rendering as markdown</title><updated>2024-02-13T13:45:19+00:00</updated><link href="https://github.com/OWASP/CheatSheetSeries/pull/1324" rel="self"/><link href="https://github.com/OWASP/CheatSheetSeries/pull/1324" rel="alternate"/><published>2024-02-13T13:45:19+00:00</published></entry><entry><id>https://github.com/OWASP/CheatSheetSeries/pull/1328</id><title>"JWT token" is redundant. Removed instances of 'token' after "JWT"</title><updated>2024-02-19T17:58:46+00:00</updated><link href="https://github.com/OWASP/CheatSheetSeries/pull/1328" rel="self"/><link href="https://github.com/OWASP/CheatSheetSeries/pull/1328" rel="alternate"/><published>2024-02-19T17:58:46+00:00</published></entry><entry><id>https://github.com/OWASP/CheatSheetSeries/pull/1330</id><title>Tech Writer: Redid Database Security Cheat Sheet</title><updated>2024-02-20T08:43:41+00:00</updated><link href="https://github.com/OWASP/CheatSheetSeries/pull/1330" rel="self"/><link href="https://github.com/OWASP/CheatSheetSeries/pull/1330" rel="alternate"/><published>2024-02-20T08:43:41+00:00</published></entry><entry><id>https://github.com/OWASP/CheatSheetSeries/pull/1331</id><title>CSRF clarification</title><updated>2024-02-18T22:37:30+00:00</updated><link href="https://github.com/OWASP/CheatSheetSeries/pull/1331" rel="self"/><link href="https://github.com/OWASP/CheatSheetSeries/pull/1331" rel="alternate"/><published>2024-02-18T22:37:30+00:00</published></entry><entry><id>https://github.com/OWASP/CheatSheetSeries/pull/1332</id><title>Added caveat about customer request header approach and its use in login csrf mitigation</title><updated>2024-02-19T17:40:45+00:00</updated><link href="https://github.com/OWASP/CheatSheetSeries/pull/1332" rel="self"/><link href="https://github.com/OWASP/CheatSheetSeries/pull/1332" rel="alternate"/><published>2024-02-19T17:40:45+00:00</published></entry><entry><id>https://github.com/OWASP/CheatSheetSeries/pull/1335</id><title>Fixed typos</title><updated>2024-02-22T13:57:41+00:00</updated><link href="https://github.com/OWASP/CheatSheetSeries/pull/1335" rel="self"/><link href="https://github.com/OWASP/CheatSheetSeries/pull/1335" rel="alternate"/><published>2024-02-22T13:57:41+00:00</published></entry></feed>