<?xml version='1.0' encoding='UTF-8'?>
<feed xmlns="http://www.w3.org/2005/Atom" xml:lang="en"><id>https://cheatsheetseries.owasp.org/</id><title>OWASP Cheat Sheet Series update</title><updated>2023-03-22T17:02:14+00:00</updated><author><name>Core team</name><email>dominique.righetto@owasp.org</email></author><link href="https://cheatsheetseries.owasp.org" rel="self"/><link href="https://github.com/OWASP/CheatSheetSeries" rel="alternate"/><generator uri="https://lkiesow.github.io/python-feedgen" version="0.9.0">python-feedgen</generator><icon>https://cheatsheetseries.owasp.org/gitbook/images/favicon.ico</icon><subtitle>List of the last updates on the content</subtitle><entry><id>https://github.com/OWASP/CheatSheetSeries/pull/967</id><title>Correct anchor in link</title><updated>2022-08-31T20:33:45+00:00</updated><link href="https://github.com/OWASP/CheatSheetSeries/pull/967" rel="self"/><link href="https://github.com/OWASP/CheatSheetSeries/pull/967" rel="alternate"/><published>2022-08-31T20:33:45+00:00</published></entry><entry><id>https://github.com/OWASP/CheatSheetSeries/pull/969</id><title>Added a new resource</title><updated>2022-08-31T20:33:16+00:00</updated><link href="https://github.com/OWASP/CheatSheetSeries/pull/969" rel="self"/><link href="https://github.com/OWASP/CheatSheetSeries/pull/969" rel="alternate"/><published>2022-08-31T20:33:16+00:00</published></entry><entry><id>https://github.com/OWASP/CheatSheetSeries/pull/971</id><title>Correct link in File Upload Cheat Sheet</title><updated>2022-08-31T20:35:31+00:00</updated><link href="https://github.com/OWASP/CheatSheetSeries/pull/971" rel="self"/><link href="https://github.com/OWASP/CheatSheetSeries/pull/971" rel="alternate"/><published>2022-08-31T20:35:31+00:00</published></entry><entry><id>https://github.com/OWASP/CheatSheetSeries/pull/972</id><title>Warn about storing secrets in env vars</title><updated>2022-08-31T20:38:06+00:00</updated><link href="https://github.com/OWASP/CheatSheetSeries/pull/972" rel="self"/><link href="https://github.com/OWASP/CheatSheetSeries/pull/972" rel="alternate"/><published>2022-08-31T20:38:06+00:00</published></entry><entry><id>https://github.com/OWASP/CheatSheetSeries/pull/973</id><title>Remove ToC and fix file name inconsistency</title><updated>2022-08-31T20:33:36+00:00</updated><link href="https://github.com/OWASP/CheatSheetSeries/pull/973" rel="self"/><link href="https://github.com/OWASP/CheatSheetSeries/pull/973" rel="alternate"/><published>2022-08-31T20:33:36+00:00</published></entry><entry><id>https://github.com/OWASP/CheatSheetSeries/pull/974</id><title>Create Network_Segmentation_Cheat_Sheet_interservice_balancer.drawio</title><updated>2022-09-07T18:19:22+00:00</updated><link href="https://github.com/OWASP/CheatSheetSeries/pull/974" rel="self"/><link href="https://github.com/OWASP/CheatSheetSeries/pull/974" rel="alternate"/><published>2022-09-07T18:19:22+00:00</published></entry><entry><id>https://github.com/OWASP/CheatSheetSeries/pull/975</id><title>Added a new section</title><updated>2022-09-07T18:18:59+00:00</updated><link href="https://github.com/OWASP/CheatSheetSeries/pull/975" rel="self"/><link href="https://github.com/OWASP/CheatSheetSeries/pull/975" rel="alternate"/><published>2022-09-07T18:18:59+00:00</published></entry><entry><id>https://github.com/OWASP/CheatSheetSeries/pull/976</id><title>add PNG for new section</title><updated>2022-09-07T18:18:20+00:00</updated><link href="https://github.com/OWASP/CheatSheetSeries/pull/976" rel="self"/><link href="https://github.com/OWASP/CheatSheetSeries/pull/976" rel="alternate"/><published>2022-09-07T18:18:20+00:00</published></entry><entry><id>https://github.com/OWASP/CheatSheetSeries/pull/978</id><title>Add rust actix web sample code</title><updated>2022-09-13T01:21:43+00:00</updated><link href="https://github.com/OWASP/CheatSheetSeries/pull/978" rel="self"/><link href="https://github.com/OWASP/CheatSheetSeries/pull/978" rel="alternate"/><published>2022-09-13T01:21:43+00:00</published></entry><entry><id>https://github.com/OWASP/CheatSheetSeries/pull/979</id><title>Update XStream to correct version</title><updated>2022-09-07T18:17:41+00:00</updated><link href="https://github.com/OWASP/CheatSheetSeries/pull/979" rel="self"/><link href="https://github.com/OWASP/CheatSheetSeries/pull/979" rel="alternate"/><published>2022-09-07T18:17:41+00:00</published></entry><entry><id>https://github.com/OWASP/CheatSheetSeries/pull/980</id><title>Update Cryptographic_Storage_Cheat_Sheet.md</title><updated>2022-09-19T13:28:23+00:00</updated><link href="https://github.com/OWASP/CheatSheetSeries/pull/980" rel="self"/><link href="https://github.com/OWASP/CheatSheetSeries/pull/980" rel="alternate"/><published>2022-09-19T13:28:23+00:00</published></entry><entry><id>https://github.com/OWASP/CheatSheetSeries/pull/983</id><title>Kubernetes Cheat Sheet: Add link to resource quotas documentation</title><updated>2022-09-19T13:29:01+00:00</updated><link href="https://github.com/OWASP/CheatSheetSeries/pull/983" rel="self"/><link href="https://github.com/OWASP/CheatSheetSeries/pull/983" rel="alternate"/><published>2022-09-19T13:29:01+00:00</published></entry><entry><id>https://github.com/OWASP/CheatSheetSeries/pull/984</id><title>Update Unvalidated_Redirects_and_Forwards_Cheat_Sheet.md</title><updated>2022-09-21T12:41:27+00:00</updated><link href="https://github.com/OWASP/CheatSheetSeries/pull/984" rel="self"/><link href="https://github.com/OWASP/CheatSheetSeries/pull/984" rel="alternate"/><published>2022-09-21T12:41:27+00:00</published></entry><entry><id>https://github.com/OWASP/CheatSheetSeries/pull/986</id><title>Clarify CSRF token transmission</title><updated>2022-10-26T07:43:54+00:00</updated><link href="https://github.com/OWASP/CheatSheetSeries/pull/986" rel="self"/><link href="https://github.com/OWASP/CheatSheetSeries/pull/986" rel="alternate"/><contributor><name>psibean</name><uri>https://github.com/psibean</uri></contributor><published>2022-10-26T07:43:54+00:00</published></entry><entry><id>https://github.com/OWASP/CheatSheetSeries/pull/988</id><title>Update Unvalidated_Redirects_and_Forwards_Cheat_Sheet.md</title><updated>2022-10-19T08:26:38+00:00</updated><link href="https://github.com/OWASP/CheatSheetSeries/pull/988" rel="self"/><link href="https://github.com/OWASP/CheatSheetSeries/pull/988" rel="alternate"/><published>2022-10-19T08:26:38+00:00</published></entry><entry><id>https://github.com/OWASP/CheatSheetSeries/pull/994</id><title>Adjust sentence about SameSite cookies in XS Leaks Cheat Sheet (#993)</title><updated>2022-10-19T08:28:16+00:00</updated><link href="https://github.com/OWASP/CheatSheetSeries/pull/994" rel="self"/><link href="https://github.com/OWASP/CheatSheetSeries/pull/994" rel="alternate"/><published>2022-10-19T08:28:16+00:00</published></entry><entry><id>https://github.com/OWASP/CheatSheetSeries/pull/995</id><title>Update HTTP Security Response Headers Cheat Sheet</title><updated>2023-01-02T22:12:14+00:00</updated><link href="https://github.com/OWASP/CheatSheetSeries/pull/995" rel="self"/><link href="https://github.com/OWASP/CheatSheetSeries/pull/995" rel="alternate"/><published>2023-01-02T22:12:14+00:00</published></entry><entry><id>https://github.com/OWASP/CheatSheetSeries/pull/996</id><title>Expand on rate-limiting password reset, fixes #965</title><updated>2022-10-18T06:49:09+00:00</updated><link href="https://github.com/OWASP/CheatSheetSeries/pull/996" rel="self"/><link href="https://github.com/OWASP/CheatSheetSeries/pull/996" rel="alternate"/><published>2022-10-18T06:49:09+00:00</published></entry><entry><id>https://github.com/OWASP/CheatSheetSeries/pull/997</id><title>Update bcrypt minimum work factor</title><updated>2022-10-19T08:23:24+00:00</updated><link href="https://github.com/OWASP/CheatSheetSeries/pull/997" rel="self"/><link href="https://github.com/OWASP/CheatSheetSeries/pull/997" rel="alternate"/><published>2022-10-19T08:23:24+00:00</published></entry><entry><id>https://github.com/OWASP/CheatSheetSeries/pull/998</id><title>Client-side CSRF </title><updated>2022-11-15T15:09:21+00:00</updated><link href="https://github.com/OWASP/CheatSheetSeries/pull/998" rel="self"/><link href="https://github.com/OWASP/CheatSheetSeries/pull/998" rel="alternate"/><published>2022-11-15T15:09:21+00:00</published></entry><entry><id>https://github.com/OWASP/CheatSheetSeries/pull/999</id><title>Small grammar fix in Cryptographic Storage Cheat Sheet</title><updated>2022-10-26T07:45:53+00:00</updated><link href="https://github.com/OWASP/CheatSheetSeries/pull/999" rel="self"/><link href="https://github.com/OWASP/CheatSheetSeries/pull/999" rel="alternate"/><published>2022-10-26T07:45:53+00:00</published></entry><entry><id>https://github.com/OWASP/CheatSheetSeries/pull/1000</id><title>Small spelling mistake correction</title><updated>2022-11-17T13:26:12+00:00</updated><link href="https://github.com/OWASP/CheatSheetSeries/pull/1000" rel="self"/><link href="https://github.com/OWASP/CheatSheetSeries/pull/1000" rel="alternate"/><published>2022-11-17T13:26:12+00:00</published></entry><entry><id>https://github.com/OWASP/CheatSheetSeries/pull/1002</id><title>Update JSON_Web_Token_for_Java_Cheat_Sheet (issue #990)</title><updated>2022-11-30T12:46:18+00:00</updated><link href="https://github.com/OWASP/CheatSheetSeries/pull/1002" rel="self"/><link href="https://github.com/OWASP/CheatSheetSeries/pull/1002" rel="alternate"/><published>2022-11-30T12:46:18+00:00</published></entry><entry><id>https://github.com/OWASP/CheatSheetSeries/pull/1003</id><title>small spelling &amp; grammar fixes</title><updated>2022-11-17T13:30:15+00:00</updated><link href="https://github.com/OWASP/CheatSheetSeries/pull/1003" rel="self"/><link href="https://github.com/OWASP/CheatSheetSeries/pull/1003" rel="alternate"/><published>2022-11-17T13:30:15+00:00</published></entry><entry><id>https://github.com/OWASP/CheatSheetSeries/pull/1004</id><title>Link to current PostgreSQL Setup and Operation docs</title><updated>2022-11-30T12:47:45+00:00</updated><link href="https://github.com/OWASP/CheatSheetSeries/pull/1004" rel="self"/><link href="https://github.com/OWASP/CheatSheetSeries/pull/1004" rel="alternate"/><published>2022-11-30T12:47:45+00:00</published></entry><entry><id>https://github.com/OWASP/CheatSheetSeries/pull/1005</id><title>Reference Unicode reports in Input Validation CS</title><updated>2022-11-17T13:28:42+00:00</updated><link href="https://github.com/OWASP/CheatSheetSeries/pull/1005" rel="self"/><link href="https://github.com/OWASP/CheatSheetSeries/pull/1005" rel="alternate"/><published>2022-11-17T13:28:42+00:00</published></entry><entry><id>https://github.com/OWASP/CheatSheetSeries/pull/1006</id><title>Mention NSA's quantum resistant encryption report</title><updated>2022-11-15T15:06:41+00:00</updated><link href="https://github.com/OWASP/CheatSheetSeries/pull/1006" rel="self"/><link href="https://github.com/OWASP/CheatSheetSeries/pull/1006" rel="alternate"/><published>2022-11-15T15:06:41+00:00</published></entry><entry><id>https://github.com/OWASP/CheatSheetSeries/pull/1007</id><title>Fix up K8s secrets section, add secrets manager</title><updated>2022-11-15T15:02:50+00:00</updated><link href="https://github.com/OWASP/CheatSheetSeries/pull/1007" rel="self"/><link href="https://github.com/OWASP/CheatSheetSeries/pull/1007" rel="alternate"/><published>2022-11-15T15:02:50+00:00</published></entry><entry><id>https://github.com/OWASP/CheatSheetSeries/pull/1008</id><title>Update Nodejs_Security_Cheat_Sheet.md</title><updated>2022-11-17T13:27:45+00:00</updated><link href="https://github.com/OWASP/CheatSheetSeries/pull/1008" rel="self"/><link href="https://github.com/OWASP/CheatSheetSeries/pull/1008" rel="alternate"/><published>2022-11-17T13:27:45+00:00</published></entry><entry><id>https://github.com/OWASP/CheatSheetSeries/pull/1012</id><title>Update .NET Random function</title><updated>2022-11-30T12:45:14+00:00</updated><link href="https://github.com/OWASP/CheatSheetSeries/pull/1012" rel="self"/><link href="https://github.com/OWASP/CheatSheetSeries/pull/1012" rel="alternate"/><published>2022-11-30T12:45:14+00:00</published></entry><entry><id>https://github.com/OWASP/CheatSheetSeries/pull/1013</id><title>Add reference to the FEATURE_SECURE_PROCESSING flag in the XXE CS</title><updated>2022-11-30T12:52:08+00:00</updated><link href="https://github.com/OWASP/CheatSheetSeries/pull/1013" rel="self"/><link href="https://github.com/OWASP/CheatSheetSeries/pull/1013" rel="alternate"/><published>2022-11-30T12:52:08+00:00</published></entry><entry><id>https://github.com/OWASP/CheatSheetSeries/pull/1015</id><title>Update Insecure_Direct_Object_Reference_Prevention_Cheat_Sheet.md</title><updated>2023-01-02T22:09:31+00:00</updated><link href="https://github.com/OWASP/CheatSheetSeries/pull/1015" rel="self"/><link href="https://github.com/OWASP/CheatSheetSeries/pull/1015" rel="alternate"/><published>2023-01-02T22:09:31+00:00</published></entry><entry><id>https://github.com/OWASP/CheatSheetSeries/pull/1016</id><title>grammar fixes</title><updated>2022-12-19T09:14:57+00:00</updated><link href="https://github.com/OWASP/CheatSheetSeries/pull/1016" rel="self"/><link href="https://github.com/OWASP/CheatSheetSeries/pull/1016" rel="alternate"/><published>2022-12-19T09:14:57+00:00</published></entry><entry><id>https://github.com/OWASP/CheatSheetSeries/pull/1017</id><title>JSON Web Token for Java: Minor grammar fixes</title><updated>2022-12-19T09:49:08+00:00</updated><link href="https://github.com/OWASP/CheatSheetSeries/pull/1017" rel="self"/><link href="https://github.com/OWASP/CheatSheetSeries/pull/1017" rel="alternate"/><published>2022-12-19T09:49:08+00:00</published></entry><entry><id>https://github.com/OWASP/CheatSheetSeries/pull/1020</id><title>Update: Microservices Security Cheat Sheet</title><updated>2022-12-20T09:31:51+00:00</updated><link href="https://github.com/OWASP/CheatSheetSeries/pull/1020" rel="self"/><link href="https://github.com/OWASP/CheatSheetSeries/pull/1020" rel="alternate"/><published>2022-12-20T09:31:51+00:00</published></entry><entry><id>https://github.com/OWASP/CheatSheetSeries/pull/1021</id><title>Auth Cheat Sheet: Logging chapter - Updated Link to Top10 2021</title><updated>2022-12-20T09:14:50+00:00</updated><link href="https://github.com/OWASP/CheatSheetSeries/pull/1021" rel="self"/><link href="https://github.com/OWASP/CheatSheetSeries/pull/1021" rel="alternate"/><published>2022-12-20T09:14:50+00:00</published></entry><entry><id>https://github.com/OWASP/CheatSheetSeries/pull/1022</id><title>Minor Update: Query_Parameterization_Cheat_Sheet.md wording and references</title><updated>2022-12-20T09:17:30+00:00</updated><link href="https://github.com/OWASP/CheatSheetSeries/pull/1022" rel="self"/><link href="https://github.com/OWASP/CheatSheetSeries/pull/1022" rel="alternate"/><published>2022-12-20T09:17:30+00:00</published></entry><entry><id>https://github.com/OWASP/CheatSheetSeries/pull/1023</id><title>Update deprecated headers Expect-CT and Public-Key-Pins information</title><updated>2023-01-02T14:51:00+00:00</updated><link href="https://github.com/OWASP/CheatSheetSeries/pull/1023" rel="self"/><link href="https://github.com/OWASP/CheatSheetSeries/pull/1023" rel="alternate"/><published>2023-01-02T14:51:00+00:00</published></entry><entry><id>https://github.com/OWASP/CheatSheetSeries/pull/1025</id><title>Update: Docker Security Cheat Sheet - Removed deprecated tool: Aqua Security's MicroScanner</title><updated>2022-12-21T14:40:09+00:00</updated><link href="https://github.com/OWASP/CheatSheetSeries/pull/1025" rel="self"/><link href="https://github.com/OWASP/CheatSheetSeries/pull/1025" rel="alternate"/><published>2022-12-21T14:40:09+00:00</published></entry><entry><id>https://github.com/OWASP/CheatSheetSeries/pull/1026</id><title>Update GH Actions versions; Pin Ubuntu version</title><updated>2022-12-21T14:37:01+00:00</updated><link href="https://github.com/OWASP/CheatSheetSeries/pull/1026" rel="self"/><link href="https://github.com/OWASP/CheatSheetSeries/pull/1026" rel="alternate"/><published>2022-12-21T14:37:01+00:00</published></entry><entry><id>https://github.com/OWASP/CheatSheetSeries/pull/1028</id><title>Update Securing_Cascading_Style_Sheets_Cheat_Sheet.md</title><updated>2023-01-02T22:16:34+00:00</updated><link href="https://github.com/OWASP/CheatSheetSeries/pull/1028" rel="self"/><link href="https://github.com/OWASP/CheatSheetSeries/pull/1028" rel="alternate"/><published>2023-01-02T22:16:34+00:00</published></entry><entry><id>https://github.com/OWASP/CheatSheetSeries/pull/1030</id><title>Update Error_Handling_Cheat_Sheet.md</title><updated>2023-01-02T15:01:14+00:00</updated><link href="https://github.com/OWASP/CheatSheetSeries/pull/1030" rel="self"/><link href="https://github.com/OWASP/CheatSheetSeries/pull/1030" rel="alternate"/><published>2023-01-02T15:01:14+00:00</published></entry><entry><id>https://github.com/OWASP/CheatSheetSeries/pull/1031</id><title>Release a Network segmentation Cheat Sheet?</title><updated>2023-01-02T22:08:07+00:00</updated><link href="https://github.com/OWASP/CheatSheetSeries/pull/1031" rel="self"/><link href="https://github.com/OWASP/CheatSheetSeries/pull/1031" rel="alternate"/><published>2023-01-02T22:08:07+00:00</published></entry><entry><id>https://github.com/OWASP/CheatSheetSeries/pull/1032</id><title>Update Logging Cheat Sheet</title><updated>2023-01-02T22:16:46+00:00</updated><link href="https://github.com/OWASP/CheatSheetSeries/pull/1032" rel="self"/><link href="https://github.com/OWASP/CheatSheetSeries/pull/1032" rel="alternate"/><published>2023-01-02T22:16:46+00:00</published></entry><entry><id>https://github.com/OWASP/CheatSheetSeries/pull/1037</id><title>Fix minor typos in Contributing</title><updated>2023-01-02T14:56:46+00:00</updated><link href="https://github.com/OWASP/CheatSheetSeries/pull/1037" rel="self"/><link href="https://github.com/OWASP/CheatSheetSeries/pull/1037" rel="alternate"/><published>2023-01-02T14:56:46+00:00</published></entry><entry><id>https://github.com/OWASP/CheatSheetSeries/pull/1038</id><title>Add first version of DRF Cheat Sheet</title><updated>2023-01-02T22:05:22+00:00</updated><link href="https://github.com/OWASP/CheatSheetSeries/pull/1038" rel="self"/><link href="https://github.com/OWASP/CheatSheetSeries/pull/1038" rel="alternate"/><published>2023-01-02T22:05:22+00:00</published></entry><entry><id>https://github.com/OWASP/CheatSheetSeries/pull/1039</id><title>add PT bug bounty site</title><updated>2023-01-02T22:04:56+00:00</updated><link href="https://github.com/OWASP/CheatSheetSeries/pull/1039" rel="self"/><link href="https://github.com/OWASP/CheatSheetSeries/pull/1039" rel="alternate"/><published>2023-01-02T22:04:56+00:00</published></entry><entry><id>https://github.com/OWASP/CheatSheetSeries/pull/1040</id><title>Replaced broken resources</title><updated>2023-01-02T15:01:36+00:00</updated><link href="https://github.com/OWASP/CheatSheetSeries/pull/1040" rel="self"/><link href="https://github.com/OWASP/CheatSheetSeries/pull/1040" rel="alternate"/><published>2023-01-02T15:01:36+00:00</published></entry><entry><id>https://github.com/OWASP/CheatSheetSeries/pull/1042</id><title>Add OPA alternatives for policy as code</title><updated>2023-01-02T14:48:10+00:00</updated><link href="https://github.com/OWASP/CheatSheetSeries/pull/1042" rel="self"/><link href="https://github.com/OWASP/CheatSheetSeries/pull/1042" rel="alternate"/><published>2023-01-02T14:48:10+00:00</published></entry><entry><id>https://github.com/OWASP/CheatSheetSeries/pull/1044</id><title>Minor fix: Rename Network Segmentation CS to include md extension</title><updated>2023-01-02T23:30:03+00:00</updated><link href="https://github.com/OWASP/CheatSheetSeries/pull/1044" rel="self"/><link href="https://github.com/OWASP/CheatSheetSeries/pull/1044" rel="alternate"/><published>2023-01-02T23:30:03+00:00</published></entry><entry><id>https://github.com/OWASP/CheatSheetSeries/pull/1045</id><title>Fix typos</title><updated>2023-01-03T16:17:26+00:00</updated><link href="https://github.com/OWASP/CheatSheetSeries/pull/1045" rel="self"/><link href="https://github.com/OWASP/CheatSheetSeries/pull/1045" rel="alternate"/><published>2023-01-03T16:17:26+00:00</published></entry><entry><id>https://github.com/OWASP/CheatSheetSeries/pull/1046</id><title>Fix</title><updated>2023-01-03T16:17:52+00:00</updated><link href="https://github.com/OWASP/CheatSheetSeries/pull/1046" rel="self"/><link href="https://github.com/OWASP/CheatSheetSeries/pull/1046" rel="alternate"/><published>2023-01-03T16:17:52+00:00</published></entry><entry><id>https://github.com/OWASP/CheatSheetSeries/pull/1047</id><title>Add blank lines</title><updated>2023-01-03T16:18:10+00:00</updated><link href="https://github.com/OWASP/CheatSheetSeries/pull/1047" rel="self"/><link href="https://github.com/OWASP/CheatSheetSeries/pull/1047" rel="alternate"/><published>2023-01-03T16:18:10+00:00</published></entry><entry><id>https://github.com/OWASP/CheatSheetSeries/pull/1048</id><title>Fix by @kianmeng</title><updated>2023-01-03T16:18:33+00:00</updated><link href="https://github.com/OWASP/CheatSheetSeries/pull/1048" rel="self"/><link href="https://github.com/OWASP/CheatSheetSeries/pull/1048" rel="alternate"/><published>2023-01-03T16:18:33+00:00</published></entry><entry><id>https://github.com/OWASP/CheatSheetSeries/pull/1049</id><title>Publish Django REST Framework CS</title><updated>2023-01-04T17:37:36+00:00</updated><link href="https://github.com/OWASP/CheatSheetSeries/pull/1049" rel="self"/><link href="https://github.com/OWASP/CheatSheetSeries/pull/1049" rel="alternate"/><published>2023-01-04T17:37:36+00:00</published></entry><entry><id>https://github.com/OWASP/CheatSheetSeries/pull/1050</id><title>Delete draft because released</title><updated>2023-01-10T01:27:44+00:00</updated><link href="https://github.com/OWASP/CheatSheetSeries/pull/1050" rel="self"/><link href="https://github.com/OWASP/CheatSheetSeries/pull/1050" rel="alternate"/><published>2023-01-10T01:27:44+00:00</published></entry><entry><id>https://github.com/OWASP/CheatSheetSeries/pull/1051</id><title>Update XSS_Filter_Evasion_Cheat_Sheet.md</title><updated>2023-01-09T16:16:45+00:00</updated><link href="https://github.com/OWASP/CheatSheetSeries/pull/1051" rel="self"/><link href="https://github.com/OWASP/CheatSheetSeries/pull/1051" rel="alternate"/><published>2023-01-09T16:16:45+00:00</published></entry><entry><id>https://github.com/OWASP/CheatSheetSeries/pull/1052</id><title>Fix typos in HTTP_Headers_Cheat_Sheet.md</title><updated>2023-01-09T16:15:44+00:00</updated><link href="https://github.com/OWASP/CheatSheetSeries/pull/1052" rel="self"/><link href="https://github.com/OWASP/CheatSheetSeries/pull/1052" rel="alternate"/><published>2023-01-09T16:15:44+00:00</published></entry><entry><id>https://github.com/OWASP/CheatSheetSeries/pull/1053</id><title>Added punctuation</title><updated>2023-01-09T17:06:54+00:00</updated><link href="https://github.com/OWASP/CheatSheetSeries/pull/1053" rel="self"/><link href="https://github.com/OWASP/CheatSheetSeries/pull/1053" rel="alternate"/><published>2023-01-09T17:06:54+00:00</published></entry><entry><id>https://github.com/OWASP/CheatSheetSeries/pull/1054</id><title>replaced broken link on password storage cheatsheet</title><updated>2023-01-11T14:20:10+00:00</updated><link href="https://github.com/OWASP/CheatSheetSeries/pull/1054" rel="self"/><link href="https://github.com/OWASP/CheatSheetSeries/pull/1054" rel="alternate"/><published>2023-01-11T14:20:10+00:00</published></entry><entry><id>https://github.com/OWASP/CheatSheetSeries/pull/1055</id><title>Update PBKDF2 work factors according to RTX4000 #1043</title><updated>2023-01-23T18:52:28+00:00</updated><link href="https://github.com/OWASP/CheatSheetSeries/pull/1055" rel="self"/><link href="https://github.com/OWASP/CheatSheetSeries/pull/1055" rel="alternate"/><published>2023-01-23T18:52:28+00:00</published></entry><entry><id>https://github.com/OWASP/CheatSheetSeries/pull/1059</id><title>Add szh to the code team!</title><updated>2023-01-20T16:14:53+00:00</updated><link href="https://github.com/OWASP/CheatSheetSeries/pull/1059" rel="self"/><link href="https://github.com/OWASP/CheatSheetSeries/pull/1059" rel="alternate"/><published>2023-01-20T16:14:53+00:00</published></entry><entry><id>https://github.com/OWASP/CheatSheetSeries/pull/1060</id><title>Team updates</title><updated>2023-01-20T16:24:56+00:00</updated><link href="https://github.com/OWASP/CheatSheetSeries/pull/1060" rel="self"/><link href="https://github.com/OWASP/CheatSheetSeries/pull/1060" rel="alternate"/><published>2023-01-20T16:24:56+00:00</published></entry><entry><id>https://github.com/OWASP/CheatSheetSeries/pull/1061</id><title>Update CODEOWNERS</title><updated>2023-01-20T16:30:49+00:00</updated><link href="https://github.com/OWASP/CheatSheetSeries/pull/1061" rel="self"/><link href="https://github.com/OWASP/CheatSheetSeries/pull/1061" rel="alternate"/><published>2023-01-20T16:30:49+00:00</published></entry><entry><id>https://github.com/OWASP/CheatSheetSeries/pull/1063</id><title>Add Secrets Management to index</title><updated>2023-01-23T18:50:28+00:00</updated><link href="https://github.com/OWASP/CheatSheetSeries/pull/1063" rel="self"/><link href="https://github.com/OWASP/CheatSheetSeries/pull/1063" rel="alternate"/><published>2023-01-23T18:50:28+00:00</published></entry><entry><id>https://github.com/OWASP/CheatSheetSeries/pull/1064</id><title>modified script link with new one previous script link not working</title><updated>2023-01-23T18:06:58+00:00</updated><link href="https://github.com/OWASP/CheatSheetSeries/pull/1064" rel="self"/><link href="https://github.com/OWASP/CheatSheetSeries/pull/1064" rel="alternate"/><contributor><name>szh</name><uri>https://github.com/szh</uri></contributor><published>2023-01-23T18:06:58+00:00</published></entry><entry><id>https://github.com/OWASP/CheatSheetSeries/pull/1065</id><title>Update iac cheatsheet</title><updated>2023-01-23T18:50:10+00:00</updated><link href="https://github.com/OWASP/CheatSheetSeries/pull/1065" rel="self"/><link href="https://github.com/OWASP/CheatSheetSeries/pull/1065" rel="alternate"/><published>2023-01-23T18:50:10+00:00</published></entry><entry><id>https://github.com/OWASP/CheatSheetSeries/pull/1066</id><title>Remove outdated draft CS</title><updated>2023-01-23T18:49:46+00:00</updated><link href="https://github.com/OWASP/CheatSheetSeries/pull/1066" rel="self"/><link href="https://github.com/OWASP/CheatSheetSeries/pull/1066" rel="alternate"/><published>2023-01-23T18:49:46+00:00</published></entry><entry><id>https://github.com/OWASP/CheatSheetSeries/pull/1067</id><title>Proofreading of SQL Injection CS</title><updated>2023-01-23T18:49:31+00:00</updated><link href="https://github.com/OWASP/CheatSheetSeries/pull/1067" rel="self"/><link href="https://github.com/OWASP/CheatSheetSeries/pull/1067" rel="alternate"/><published>2023-01-23T18:49:31+00:00</published></entry><entry><id>https://github.com/OWASP/CheatSheetSeries/pull/1069</id><title>fix a typo</title><updated>2023-01-24T14:10:55+00:00</updated><link href="https://github.com/OWASP/CheatSheetSeries/pull/1069" rel="self"/><link href="https://github.com/OWASP/CheatSheetSeries/pull/1069" rel="alternate"/><published>2023-01-24T14:10:55+00:00</published></entry><entry><id>https://github.com/OWASP/CheatSheetSeries/pull/1070</id><title>Added Paralle PDKF2 in #1043 and Login Throttling in #892</title><updated>2023-01-29T14:20:30+00:00</updated><link href="https://github.com/OWASP/CheatSheetSeries/pull/1070" rel="self"/><link href="https://github.com/OWASP/CheatSheetSeries/pull/1070" rel="alternate"/><published>2023-01-29T14:20:30+00:00</published></entry><entry><id>https://github.com/OWASP/CheatSheetSeries/pull/1072</id><title>Update ALLOW-FROM browser support in Clickjacking Defense Cheat Sheet</title><updated>2023-01-24T14:25:36+00:00</updated><link href="https://github.com/OWASP/CheatSheetSeries/pull/1072" rel="self"/><link href="https://github.com/OWASP/CheatSheetSeries/pull/1072" rel="alternate"/><published>2023-01-24T14:25:36+00:00</published></entry><entry><id>https://github.com/OWASP/CheatSheetSeries/pull/1073</id><title>Update Argon2 and scrypt work factors</title><updated>2023-01-24T19:52:23+00:00</updated><link href="https://github.com/OWASP/CheatSheetSeries/pull/1073" rel="self"/><link href="https://github.com/OWASP/CheatSheetSeries/pull/1073" rel="alternate"/><published>2023-01-24T19:52:23+00:00</published></entry><entry><id>https://github.com/OWASP/CheatSheetSeries/pull/1074</id><title>Update Secrets Management CS</title><updated>2023-01-24T19:53:57+00:00</updated><link href="https://github.com/OWASP/CheatSheetSeries/pull/1074" rel="self"/><link href="https://github.com/OWASP/CheatSheetSeries/pull/1074" rel="alternate"/><published>2023-01-24T19:53:57+00:00</published></entry><entry><id>https://github.com/OWASP/CheatSheetSeries/pull/1076</id><title>Minor typo correction</title><updated>2023-01-27T13:58:03+00:00</updated><link href="https://github.com/OWASP/CheatSheetSeries/pull/1076" rel="self"/><link href="https://github.com/OWASP/CheatSheetSeries/pull/1076" rel="alternate"/><published>2023-01-27T13:58:03+00:00</published></entry><entry><id>https://github.com/OWASP/CheatSheetSeries/pull/1077</id><title>Update Docker_Security_Cheat_Sheet</title><updated>2023-01-27T14:08:45+00:00</updated><link href="https://github.com/OWASP/CheatSheetSeries/pull/1077" rel="self"/><link href="https://github.com/OWASP/CheatSheetSeries/pull/1077" rel="alternate"/><published>2023-01-27T14:08:45+00:00</published></entry><entry><id>https://github.com/OWASP/CheatSheetSeries/pull/1079</id><title>Fix broken link on JSON Web Token Cheat Sheet for Java</title><updated>2023-01-29T14:18:15+00:00</updated><link href="https://github.com/OWASP/CheatSheetSeries/pull/1079" rel="self"/><link href="https://github.com/OWASP/CheatSheetSeries/pull/1079" rel="alternate"/><published>2023-01-29T14:18:15+00:00</published></entry><entry><id>https://github.com/OWASP/CheatSheetSeries/pull/1080</id><title>fixed some typos/grammatical errors</title><updated>2023-01-31T12:58:34+00:00</updated><link href="https://github.com/OWASP/CheatSheetSeries/pull/1080" rel="self"/><link href="https://github.com/OWASP/CheatSheetSeries/pull/1080" rel="alternate"/><published>2023-01-31T12:58:34+00:00</published></entry><entry><id>https://github.com/OWASP/CheatSheetSeries/pull/1082</id><title>Add reference for DRF CS</title><updated>2023-02-13T13:56:59+00:00</updated><link href="https://github.com/OWASP/CheatSheetSeries/pull/1082" rel="self"/><link href="https://github.com/OWASP/CheatSheetSeries/pull/1082" rel="alternate"/><published>2023-02-13T13:56:59+00:00</published></entry><entry><id>https://github.com/OWASP/CheatSheetSeries/pull/1084</id><title>Add note on Argument Injection</title><updated>2023-03-22T16:57:47+00:00</updated><link href="https://github.com/OWASP/CheatSheetSeries/pull/1084" rel="self"/><link href="https://github.com/OWASP/CheatSheetSeries/pull/1084" rel="alternate"/><published>2023-03-22T16:57:47+00:00</published></entry><entry><id>https://github.com/OWASP/CheatSheetSeries/pull/1085</id><title>Small grammatical/typo fixes</title><updated>2023-02-05T00:42:59+00:00</updated><link href="https://github.com/OWASP/CheatSheetSeries/pull/1085" rel="self"/><link href="https://github.com/OWASP/CheatSheetSeries/pull/1085" rel="alternate"/><published>2023-02-05T00:42:59+00:00</published></entry><entry><id>https://github.com/OWASP/CheatSheetSeries/pull/1086</id><title>Public-Key-Pins header has been deprecated</title><updated>2023-02-13T13:35:04+00:00</updated><link href="https://github.com/OWASP/CheatSheetSeries/pull/1086" rel="self"/><link href="https://github.com/OWASP/CheatSheetSeries/pull/1086" rel="alternate"/><published>2023-02-13T13:35:04+00:00</published></entry><entry><id>https://github.com/OWASP/CheatSheetSeries/pull/1088</id><title>Added flags to enable secure processing and explicitly disable XInclu…</title><updated>2023-02-17T17:38:22+00:00</updated><link href="https://github.com/OWASP/CheatSheetSeries/pull/1088" rel="self"/><link href="https://github.com/OWASP/CheatSheetSeries/pull/1088" rel="alternate"/><published>2023-02-17T17:38:22+00:00</published></entry><entry><id>https://github.com/OWASP/CheatSheetSeries/pull/1090</id><title>Secure design</title><updated>2023-02-22T15:14:09+00:00</updated><link href="https://github.com/OWASP/CheatSheetSeries/pull/1090" rel="self"/><link href="https://github.com/OWASP/CheatSheetSeries/pull/1090" rel="alternate"/><published>2023-02-22T15:14:09+00:00</published></entry><entry><id>https://github.com/OWASP/CheatSheetSeries/pull/1091</id><title>DOM Clobbering Prevention Cheat Sheet</title><updated>2023-02-19T17:48:11+00:00</updated><link href="https://github.com/OWASP/CheatSheetSeries/pull/1091" rel="self"/><link href="https://github.com/OWASP/CheatSheetSeries/pull/1091" rel="alternate"/><published>2023-02-19T17:48:11+00:00</published></entry><entry><id>https://github.com/OWASP/CheatSheetSeries/pull/1093</id><title>XSS: remove forward slash (fixes #1089)</title><updated>2023-02-22T14:42:59+00:00</updated><link href="https://github.com/OWASP/CheatSheetSeries/pull/1093" rel="self"/><link href="https://github.com/OWASP/CheatSheetSeries/pull/1093" rel="alternate"/><contributor><name>szh</name><uri>https://github.com/szh</uri></contributor><published>2023-02-22T14:42:59+00:00</published></entry><entry><id>https://github.com/OWASP/CheatSheetSeries/pull/1095</id><title>Refactored name.</title><updated>2023-02-22T15:40:50+00:00</updated><link href="https://github.com/OWASP/CheatSheetSeries/pull/1095" rel="self"/><link href="https://github.com/OWASP/CheatSheetSeries/pull/1095" rel="alternate"/><published>2023-02-22T15:40:50+00:00</published></entry><entry><id>https://github.com/OWASP/CheatSheetSeries/pull/1096</id><title>Fix cs filename</title><updated>2023-02-24T09:52:09+00:00</updated><link href="https://github.com/OWASP/CheatSheetSeries/pull/1096" rel="self"/><link href="https://github.com/OWASP/CheatSheetSeries/pull/1096" rel="alternate"/><published>2023-02-24T09:52:09+00:00</published></entry><entry><id>https://github.com/OWASP/CheatSheetSeries/pull/1097</id><title>Improve JAXB example/recommendation with 'disallow-doctype-decl' feat…</title><updated>2023-03-04T03:59:57+00:00</updated><link href="https://github.com/OWASP/CheatSheetSeries/pull/1097" rel="self"/><link href="https://github.com/OWASP/CheatSheetSeries/pull/1097" rel="alternate"/><published>2023-03-04T03:59:57+00:00</published></entry><entry><id>https://github.com/OWASP/CheatSheetSeries/pull/1099</id><title>deserialization: typo and some wording</title><updated>2023-03-04T03:58:34+00:00</updated><link href="https://github.com/OWASP/CheatSheetSeries/pull/1099" rel="self"/><link href="https://github.com/OWASP/CheatSheetSeries/pull/1099" rel="alternate"/><published>2023-03-04T03:58:34+00:00</published></entry><entry><id>https://github.com/OWASP/CheatSheetSeries/pull/1100</id><title>deserialization: typo :)</title><updated>2023-03-04T04:17:13+00:00</updated><link href="https://github.com/OWASP/CheatSheetSeries/pull/1100" rel="self"/><link href="https://github.com/OWASP/CheatSheetSeries/pull/1100" rel="alternate"/><published>2023-03-04T04:17:13+00:00</published></entry><entry><id>https://github.com/OWASP/CheatSheetSeries/pull/1102</id><title>Add pinning cautions</title><updated>2023-03-14T12:35:06+00:00</updated><link href="https://github.com/OWASP/CheatSheetSeries/pull/1102" rel="self"/><link href="https://github.com/OWASP/CheatSheetSeries/pull/1102" rel="alternate"/><published>2023-03-14T12:35:06+00:00</published></entry><entry><id>https://github.com/OWASP/CheatSheetSeries/pull/1103</id><title>Clarity to JAXP DocumentBuilderFactory section</title><updated>2023-03-22T16:58:57+00:00</updated><link href="https://github.com/OWASP/CheatSheetSeries/pull/1103" rel="self"/><link href="https://github.com/OWASP/CheatSheetSeries/pull/1103" rel="alternate"/><published>2023-03-22T16:58:57+00:00</published></entry><entry><id>https://github.com/OWASP/CheatSheetSeries/pull/1104</id><title>[NodeJS Security Cheat Sheet] Fix Express 4.x deprecated res.send</title><updated>2023-03-16T13:13:45+00:00</updated><link href="https://github.com/OWASP/CheatSheetSeries/pull/1104" rel="self"/><link href="https://github.com/OWASP/CheatSheetSeries/pull/1104" rel="alternate"/><published>2023-03-16T13:13:45+00:00</published></entry><entry><id>https://github.com/OWASP/CheatSheetSeries/pull/1105</id><title>[NodeJS Security Cheat Sheet] Update various helmet middlewares</title><updated>2023-03-20T12:23:47+00:00</updated><link href="https://github.com/OWASP/CheatSheetSeries/pull/1105" rel="self"/><link href="https://github.com/OWASP/CheatSheetSeries/pull/1105" rel="alternate"/><published>2023-03-20T12:23:47+00:00</published></entry><entry><id>https://github.com/OWASP/CheatSheetSeries/pull/1106</id><title>Add Rust Query Parameterization recommendations</title><updated>2023-03-22T16:54:56+00:00</updated><link href="https://github.com/OWASP/CheatSheetSeries/pull/1106" rel="self"/><link href="https://github.com/OWASP/CheatSheetSeries/pull/1106" rel="alternate"/><published>2023-03-22T16:54:56+00:00</published></entry></feed>