<?xml version='1.0' encoding='UTF-8'?>
<feed xmlns="http://www.w3.org/2005/Atom" xml:lang="en"><id>https://cheatsheetseries.owasp.org/</id><title>OWASP Cheat Sheet Series update</title><updated>2024-11-22T14:01:14+00:00</updated><author><name>Core team</name><email>dominique.righetto@owasp.org</email></author><link href="https://cheatsheetseries.owasp.org" rel="self"/><link href="https://github.com/OWASP/CheatSheetSeries" rel="alternate"/><generator uri="https://lkiesow.github.io/python-feedgen" version="1.0.0">python-feedgen</generator><icon>https://cheatsheetseries.owasp.org/gitbook/images/favicon.ico</icon><subtitle>List of the last updates on the content</subtitle><entry><id>https://github.com/OWASP/CheatSheetSeries/pull/1399</id><title>Update requirements.txt manually to fix idna and Jinja vulns</title><updated>2024-05-09T14:48:24+00:00</updated><link href="https://github.com/OWASP/CheatSheetSeries/pull/1399"/><link href="https://github.com/OWASP/CheatSheetSeries/pull/1399"/><published>2024-05-09T14:48:24+00:00</published></entry><entry><id>https://github.com/OWASP/CheatSheetSeries/pull/1400</id><title>Fixed typo in XSS cheat sheet</title><updated>2024-05-09T19:48:29+00:00</updated><link href="https://github.com/OWASP/CheatSheetSeries/pull/1400"/><link href="https://github.com/OWASP/CheatSheetSeries/pull/1400"/><published>2024-05-09T19:48:29+00:00</published></entry><entry><id>https://github.com/OWASP/CheatSheetSeries/pull/1403</id><title>Rlt change 5 - Fixed Transaction Authorization Cheat Sheet</title><updated>2024-05-12T03:56:39+00:00</updated><link href="https://github.com/OWASP/CheatSheetSeries/pull/1403"/><link href="https://github.com/OWASP/CheatSheetSeries/pull/1403"/><published>2024-05-12T03:56:39+00:00</published></entry><entry><id>https://github.com/OWASP/CheatSheetSeries/pull/1404</id><title>updated spelling error</title><updated>2024-05-17T14:12:54+00:00</updated><link href="https://github.com/OWASP/CheatSheetSeries/pull/1404"/><link href="https://github.com/OWASP/CheatSheetSeries/pull/1404"/><published>2024-05-17T14:12:54+00:00</published></entry><entry><id>https://github.com/OWASP/CheatSheetSeries/pull/1405</id><title>HTTP Headers: add 'always' to nginx and Apache config</title><updated>2024-05-23T09:28:34+00:00</updated><link href="https://github.com/OWASP/CheatSheetSeries/pull/1405"/><link href="https://github.com/OWASP/CheatSheetSeries/pull/1405"/><published>2024-05-23T09:28:34+00:00</published></entry><entry><id>https://github.com/OWASP/CheatSheetSeries/pull/1406</id><title>Fix typo in Symfony Cheat Sheet</title><updated>2024-05-23T09:28:16+00:00</updated><link href="https://github.com/OWASP/CheatSheetSeries/pull/1406"/><link href="https://github.com/OWASP/CheatSheetSeries/pull/1406"/><published>2024-05-23T09:28:16+00:00</published></entry><entry><id>https://github.com/OWASP/CheatSheetSeries/pull/1408</id><title>Update Transport_Layer_Security_Cheat_Sheet.md</title><updated>2024-05-23T09:27:57+00:00</updated><link href="https://github.com/OWASP/CheatSheetSeries/pull/1408"/><link href="https://github.com/OWASP/CheatSheetSeries/pull/1408"/><published>2024-05-23T09:27:57+00:00</published></entry><entry><id>https://github.com/OWASP/CheatSheetSeries/pull/1409</id><title>Update NPM_Security_Cheat_Sheet.md</title><updated>2024-05-23T17:13:45+00:00</updated><link href="https://github.com/OWASP/CheatSheetSeries/pull/1409"/><link href="https://github.com/OWASP/CheatSheetSeries/pull/1409"/><published>2024-05-23T17:13:45+00:00</published></entry><entry><id>https://github.com/OWASP/CheatSheetSeries/pull/1414</id><title>Fixing a wrong link to OpenCRE</title><updated>2024-05-28T14:34:15+00:00</updated><link href="https://github.com/OWASP/CheatSheetSeries/pull/1414"/><link href="https://github.com/OWASP/CheatSheetSeries/pull/1414"/><published>2024-05-28T14:34:15+00:00</published></entry><entry><id>https://github.com/OWASP/CheatSheetSeries/pull/1416</id><title>Enhance Readability of Control Plane and Node Component Descriptions</title><updated>2024-06-04T09:43:29+00:00</updated><link href="https://github.com/OWASP/CheatSheetSeries/pull/1416"/><link href="https://github.com/OWASP/CheatSheetSeries/pull/1416"/><published>2024-06-04T09:43:29+00:00</published></entry><entry><id>https://github.com/OWASP/CheatSheetSeries/pull/1419</id><title>Add Software Supply Chain Security CS</title><updated>2024-06-07T14:03:06+00:00</updated><link href="https://github.com/OWASP/CheatSheetSeries/pull/1419"/><link href="https://github.com/OWASP/CheatSheetSeries/pull/1419"/><published>2024-06-07T14:03:06+00:00</published></entry><entry><id>https://github.com/OWASP/CheatSheetSeries/pull/1420</id><title>Update LDAP_Injection_Prevention_Cheat_Sheet.md to explain that LinqToLdap is only supported for older .NET Framework versions</title><updated>2024-06-04T10:09:43+00:00</updated><link href="https://github.com/OWASP/CheatSheetSeries/pull/1420"/><link href="https://github.com/OWASP/CheatSheetSeries/pull/1420"/><published>2024-06-04T10:09:43+00:00</published></entry><entry><id>https://github.com/OWASP/CheatSheetSeries/pull/1421</id><title>Update NPM_Security_Cheat_Sheet.md</title><updated>2024-06-04T20:10:59+00:00</updated><link href="https://github.com/OWASP/CheatSheetSeries/pull/1421"/><link href="https://github.com/OWASP/CheatSheetSeries/pull/1421"/><published>2024-06-04T20:10:59+00:00</published></entry><entry><id>https://github.com/OWASP/CheatSheetSeries/pull/1422</id><title>Fix typo in OAuth2_Cheat_Sheet.md</title><updated>2024-06-05T13:12:20+00:00</updated><link href="https://github.com/OWASP/CheatSheetSeries/pull/1422"/><link href="https://github.com/OWASP/CheatSheetSeries/pull/1422"/><published>2024-06-05T13:12:20+00:00</published></entry><entry><id>https://github.com/OWASP/CheatSheetSeries/pull/1423</id><title>Updating TLS cheatsheet per conversation in issue 1413</title><updated>2024-06-11T10:43:13+00:00</updated><link href="https://github.com/OWASP/CheatSheetSeries/pull/1423"/><link href="https://github.com/OWASP/CheatSheetSeries/pull/1423"/><published>2024-06-11T10:43:13+00:00</published></entry><entry><id>https://github.com/OWASP/CheatSheetSeries/pull/1424</id><title>Fix some grammar mistakes in 'Denial of Service'</title><updated>2024-06-05T13:12:07+00:00</updated><link href="https://github.com/OWASP/CheatSheetSeries/pull/1424"/><link href="https://github.com/OWASP/CheatSheetSeries/pull/1424"/><published>2024-06-05T13:12:07+00:00</published></entry><entry><id>https://github.com/OWASP/CheatSheetSeries/pull/1425</id><title>Minor grammar fixes to the threat modeling cheat sheet</title><updated>2024-06-10T13:20:45+00:00</updated><link href="https://github.com/OWASP/CheatSheetSeries/pull/1425"/><link href="https://github.com/OWASP/CheatSheetSeries/pull/1425"/><published>2024-06-10T13:20:45+00:00</published></entry><entry><id>https://github.com/OWASP/CheatSheetSeries/pull/1426</id><title>Creation of HelpGuide.md</title><updated>2024-07-08T08:36:12+00:00</updated><link href="https://github.com/OWASP/CheatSheetSeries/pull/1426"/><link href="https://github.com/OWASP/CheatSheetSeries/pull/1426"/><published>2024-07-08T08:36:12+00:00</published></entry><entry><id>https://github.com/OWASP/CheatSheetSeries/pull/1427</id><title>Small grammar fix. </title><updated>2024-06-11T19:51:25+00:00</updated><link href="https://github.com/OWASP/CheatSheetSeries/pull/1427"/><link href="https://github.com/OWASP/CheatSheetSeries/pull/1427"/><published>2024-06-11T19:51:25+00:00</published></entry><entry><id>https://github.com/OWASP/CheatSheetSeries/pull/1429</id><title>Update Input Validation</title><updated>2024-06-17T06:29:35+00:00</updated><link href="https://github.com/OWASP/CheatSheetSeries/pull/1429"/><link href="https://github.com/OWASP/CheatSheetSeries/pull/1429"/><published>2024-06-17T06:29:35+00:00</published></entry><entry><id>https://github.com/OWASP/CheatSheetSeries/pull/1432</id><title>Fix typos in CI_CD_Security_Cheat_Sheet.md</title><updated>2024-06-20T08:27:02+00:00</updated><link href="https://github.com/OWASP/CheatSheetSeries/pull/1432"/><link href="https://github.com/OWASP/CheatSheetSeries/pull/1432"/><published>2024-06-20T08:27:02+00:00</published></entry><entry><id>https://github.com/OWASP/CheatSheetSeries/pull/1434</id><title>Update Transport_Layer_Security_Cheat_Sheet.md</title><updated>2024-06-24T11:07:11+00:00</updated><link href="https://github.com/OWASP/CheatSheetSeries/pull/1434"/><link href="https://github.com/OWASP/CheatSheetSeries/pull/1434"/><published>2024-06-24T11:07:11+00:00</published></entry><entry><id>https://github.com/OWASP/CheatSheetSeries/pull/1435</id><title>SMS update per issue 1433</title><updated>2024-06-24T10:59:13+00:00</updated><link href="https://github.com/OWASP/CheatSheetSeries/pull/1435"/><link href="https://github.com/OWASP/CheatSheetSeries/pull/1435"/><published>2024-06-24T10:59:13+00:00</published></entry><entry><id>https://github.com/OWASP/CheatSheetSeries/pull/1436</id><title>Fix Typos</title><updated>2024-07-09T06:33:05+00:00</updated><link href="https://github.com/OWASP/CheatSheetSeries/pull/1436"/><link href="https://github.com/OWASP/CheatSheetSeries/pull/1436"/><published>2024-07-09T06:33:05+00:00</published></entry><entry><id>https://github.com/OWASP/CheatSheetSeries/pull/1437</id><title>Fix # counts on examples of abuse cases on Abuse Case Cheat Sheet</title><updated>2024-06-24T11:07:53+00:00</updated><link href="https://github.com/OWASP/CheatSheetSeries/pull/1437"/><link href="https://github.com/OWASP/CheatSheetSeries/pull/1437"/><published>2024-06-24T11:07:53+00:00</published></entry><entry><id>https://github.com/OWASP/CheatSheetSeries/pull/1438</id><title>Microservices security typos</title><updated>2024-06-24T12:53:08+00:00</updated><link href="https://github.com/OWASP/CheatSheetSeries/pull/1438"/><link href="https://github.com/OWASP/CheatSheetSeries/pull/1438"/><published>2024-06-24T12:53:08+00:00</published></entry><entry><id>https://github.com/OWASP/CheatSheetSeries/pull/1440</id><title>Refer to cheat sheet on securely storing keys rather than using environment variables</title><updated>2024-06-25T20:34:38+00:00</updated><link href="https://github.com/OWASP/CheatSheetSeries/pull/1440"/><link href="https://github.com/OWASP/CheatSheetSeries/pull/1440"/><published>2024-06-25T20:34:38+00:00</published></entry><entry><id>https://github.com/OWASP/CheatSheetSeries/pull/1441</id><title>Legacy systems cheat sheet first draft</title><updated>2024-07-14T17:43:31+00:00</updated><link href="https://github.com/OWASP/CheatSheetSeries/pull/1441"/><link href="https://github.com/OWASP/CheatSheetSeries/pull/1441"/><published>2024-07-14T17:43:31+00:00</published></entry><entry><id>https://github.com/OWASP/CheatSheetSeries/pull/1442</id><title>Update LDAP_Injection_Prevention_Cheat_Sheet.md</title><updated>2024-07-02T11:36:10+00:00</updated><link href="https://github.com/OWASP/CheatSheetSeries/pull/1442"/><link href="https://github.com/OWASP/CheatSheetSeries/pull/1442"/><published>2024-07-02T11:36:10+00:00</published></entry><entry><id>https://github.com/OWASP/CheatSheetSeries/pull/1443</id><title>Updates per issue 1165</title><updated>2024-07-03T16:38:26+00:00</updated><link href="https://github.com/OWASP/CheatSheetSeries/pull/1443"/><link href="https://github.com/OWASP/CheatSheetSeries/pull/1443"/><published>2024-07-03T16:38:26+00:00</published></entry><entry><id>https://github.com/OWASP/CheatSheetSeries/pull/1444</id><title>Update Threat_Modeling_Cheat_Sheet.md</title><updated>2024-07-09T06:34:26+00:00</updated><link href="https://github.com/OWASP/CheatSheetSeries/pull/1444"/><link href="https://github.com/OWASP/CheatSheetSeries/pull/1444"/><published>2024-07-09T06:34:26+00:00</published></entry><entry><id>https://github.com/OWASP/CheatSheetSeries/pull/1445</id><title>Update Threat_Modeling_Cheat_Sheet.md</title><updated>2024-07-09T06:33:42+00:00</updated><link href="https://github.com/OWASP/CheatSheetSeries/pull/1445"/><link href="https://github.com/OWASP/CheatSheetSeries/pull/1445"/><published>2024-07-09T06:33:42+00:00</published></entry><entry><id>https://github.com/OWASP/CheatSheetSeries/pull/1447</id><title>Remove navigate-to directive from Content Security Policy Cheat Sheet</title><updated>2024-07-09T10:43:41+00:00</updated><link href="https://github.com/OWASP/CheatSheetSeries/pull/1447"/><link href="https://github.com/OWASP/CheatSheetSeries/pull/1447"/><published>2024-07-09T10:43:41+00:00</published></entry><entry><id>https://github.com/OWASP/CheatSheetSeries/pull/1448</id><title>fix: typo on Update Kubernetes_Security_Cheat_Sheet.md</title><updated>2024-07-09T13:20:10+00:00</updated><link href="https://github.com/OWASP/CheatSheetSeries/pull/1448"/><link href="https://github.com/OWASP/CheatSheetSeries/pull/1448"/><published>2024-07-09T13:20:10+00:00</published></entry><entry><id>https://github.com/OWASP/CheatSheetSeries/pull/1450</id><title>Update IndexASVS.md</title><updated>2024-07-16T13:17:17+00:00</updated><link href="https://github.com/OWASP/CheatSheetSeries/pull/1450"/><link href="https://github.com/OWASP/CheatSheetSeries/pull/1450"/><published>2024-07-16T13:17:17+00:00</published></entry><entry><id>https://github.com/OWASP/CheatSheetSeries/pull/1454</id><title>Remove duplicated example of query string parsing</title><updated>2024-07-26T13:04:53+00:00</updated><link href="https://github.com/OWASP/CheatSheetSeries/pull/1454"/><link href="https://github.com/OWASP/CheatSheetSeries/pull/1454"/><published>2024-07-26T13:04:53+00:00</published></entry><entry><id>https://github.com/OWASP/CheatSheetSeries/pull/1455</id><title> Transport_Layer_Security_Cheat_Sheet.md: updated section on Diffie-Hellman parameters</title><updated>2024-08-03T19:36:28+00:00</updated><link href="https://github.com/OWASP/CheatSheetSeries/pull/1455"/><link href="https://github.com/OWASP/CheatSheetSeries/pull/1455"/><published>2024-08-03T19:36:28+00:00</published></entry><entry><id>https://github.com/OWASP/CheatSheetSeries/pull/1457</id><title>Update Cross_Site_Scripting_Prevention_Cheat_Sheet.md</title><updated>2024-07-31T12:50:38+00:00</updated><link href="https://github.com/OWASP/CheatSheetSeries/pull/1457"/><link href="https://github.com/OWASP/CheatSheetSeries/pull/1457"/><published>2024-07-31T12:50:38+00:00</published></entry><entry><id>https://github.com/OWASP/CheatSheetSeries/pull/1459</id><title>General Markdown Maintenance &amp; Addition of Dockerfile for Easy Testing w/o Python</title><updated>2024-08-07T16:05:32+00:00</updated><link href="https://github.com/OWASP/CheatSheetSeries/pull/1459"/><link href="https://github.com/OWASP/CheatSheetSeries/pull/1459"/><published>2024-08-07T16:05:32+00:00</published></entry><entry><id>https://github.com/OWASP/CheatSheetSeries/pull/1461</id><title>Update PR template to close linked issues</title><updated>2024-08-15T10:47:27+00:00</updated><link href="https://github.com/OWASP/CheatSheetSeries/pull/1461"/><link href="https://github.com/OWASP/CheatSheetSeries/pull/1461"/><published>2024-08-15T10:47:27+00:00</published></entry><entry><id>https://github.com/OWASP/CheatSheetSeries/pull/1462</id><title>Added a bad security question</title><updated>2024-08-29T06:59:35+00:00</updated><link href="https://github.com/OWASP/CheatSheetSeries/pull/1462"/><link href="https://github.com/OWASP/CheatSheetSeries/pull/1462"/><published>2024-08-29T06:59:35+00:00</published></entry><entry><id>https://github.com/OWASP/CheatSheetSeries/pull/1463</id><title>fixed docker cheat sheet typo "simple" changed to "simply"</title><updated>2024-08-08T08:23:14+00:00</updated><link href="https://github.com/OWASP/CheatSheetSeries/pull/1463"/><link href="https://github.com/OWASP/CheatSheetSeries/pull/1463"/><published>2024-08-08T08:23:14+00:00</published></entry><entry><id>https://github.com/OWASP/CheatSheetSeries/pull/1464</id><title>PHP cheat sheet updates.</title><updated>2024-08-08T08:23:55+00:00</updated><link href="https://github.com/OWASP/CheatSheetSeries/pull/1464"/><link href="https://github.com/OWASP/CheatSheetSeries/pull/1464"/><published>2024-08-08T08:23:55+00:00</published></entry><entry><id>https://github.com/OWASP/CheatSheetSeries/pull/1465</id><title>Fix spelling errors in Deserialization_Cheat_Sheet</title><updated>2024-08-08T08:24:56+00:00</updated><link href="https://github.com/OWASP/CheatSheetSeries/pull/1465"/><link href="https://github.com/OWASP/CheatSheetSeries/pull/1465"/><published>2024-08-08T08:24:56+00:00</published></entry><entry><id>https://github.com/OWASP/CheatSheetSeries/pull/1466</id><title>Fixed Dotnet Typos in Dotnet Cheatsheet</title><updated>2024-08-08T08:25:23+00:00</updated><link href="https://github.com/OWASP/CheatSheetSeries/pull/1466"/><link href="https://github.com/OWASP/CheatSheetSeries/pull/1466"/><published>2024-08-08T08:25:23+00:00</published></entry><entry><id>https://github.com/OWASP/CheatSheetSeries/pull/1467</id><title>Update to include modern examples issue #1395</title><updated>2024-08-08T08:44:02+00:00</updated><link href="https://github.com/OWASP/CheatSheetSeries/pull/1467"/><link href="https://github.com/OWASP/CheatSheetSeries/pull/1467"/><published>2024-08-08T08:44:02+00:00</published></entry><entry><id>https://github.com/OWASP/CheatSheetSeries/pull/1469</id><title>Fixed typos in CI/CD Cheat Sheet</title><updated>2024-08-08T08:43:28+00:00</updated><link href="https://github.com/OWASP/CheatSheetSeries/pull/1469"/><link href="https://github.com/OWASP/CheatSheetSeries/pull/1469"/><published>2024-08-08T08:43:28+00:00</published></entry><entry><id>https://github.com/OWASP/CheatSheetSeries/pull/1470</id><title>Fixed Typos in Kubernetes Cheat Sheet</title><updated>2024-08-08T08:42:55+00:00</updated><link href="https://github.com/OWASP/CheatSheetSeries/pull/1470"/><link href="https://github.com/OWASP/CheatSheetSeries/pull/1470"/><published>2024-08-08T08:42:55+00:00</published></entry><entry><id>https://github.com/OWASP/CheatSheetSeries/pull/1471</id><title>I added a few rephrases</title><updated>2024-08-08T08:42:35+00:00</updated><link href="https://github.com/OWASP/CheatSheetSeries/pull/1471"/><link href="https://github.com/OWASP/CheatSheetSeries/pull/1471"/><published>2024-08-08T08:42:35+00:00</published></entry><entry><id>https://github.com/OWASP/CheatSheetSeries/pull/1472</id><title>Update dependencies for vulnerabilities</title><updated>2024-08-08T08:42:09+00:00</updated><link href="https://github.com/OWASP/CheatSheetSeries/pull/1472"/><link href="https://github.com/OWASP/CheatSheetSeries/pull/1472"/><published>2024-08-08T08:42:09+00:00</published></entry><entry><id>https://github.com/OWASP/CheatSheetSeries/pull/1473</id><title>docs: update kubernetes cs for pod security standards</title><updated>2024-09-03T07:52:11+00:00</updated><link href="https://github.com/OWASP/CheatSheetSeries/pull/1473"/><link href="https://github.com/OWASP/CheatSheetSeries/pull/1473"/><published>2024-09-03T07:52:11+00:00</published></entry><entry><id>https://github.com/OWASP/CheatSheetSeries/pull/1474</id><title>fixed typos in DOM Clobbering Cheatsheet "Clobberng" to "Clobbering"</title><updated>2024-08-08T08:24:21+00:00</updated><link href="https://github.com/OWASP/CheatSheetSeries/pull/1474"/><link href="https://github.com/OWASP/CheatSheetSeries/pull/1474"/><published>2024-08-08T08:24:21+00:00</published></entry><entry><id>https://github.com/OWASP/CheatSheetSeries/pull/1475</id><title>PHP cheat sheet: Correct exception_ignore_args</title><updated>2024-08-08T10:43:53+00:00</updated><link href="https://github.com/OWASP/CheatSheetSeries/pull/1475"/><link href="https://github.com/OWASP/CheatSheetSeries/pull/1475"/><published>2024-08-08T10:43:53+00:00</published></entry><entry><id>https://github.com/OWASP/CheatSheetSeries/pull/1476</id><title>Fix inconsistent indentation in `.textlintrc`</title><updated>2024-08-13T08:20:18+00:00</updated><link href="https://github.com/OWASP/CheatSheetSeries/pull/1476"/><link href="https://github.com/OWASP/CheatSheetSeries/pull/1476"/><published>2024-08-13T08:20:18+00:00</published></entry><entry><id>https://github.com/OWASP/CheatSheetSeries/pull/1477</id><title>Update XSS_Filter_Evasion_Cheat_Sheet.md</title><updated>2024-08-29T06:55:26+00:00</updated><link href="https://github.com/OWASP/CheatSheetSeries/pull/1477"/><link href="https://github.com/OWASP/CheatSheetSeries/pull/1477"/><published>2024-08-29T06:55:26+00:00</published></entry><entry><id>https://github.com/OWASP/CheatSheetSeries/pull/1478</id><title>Legacy systems cheat sheet</title><updated>2024-08-29T06:54:55+00:00</updated><link href="https://github.com/OWASP/CheatSheetSeries/pull/1478"/><link href="https://github.com/OWASP/CheatSheetSeries/pull/1478"/><published>2024-08-29T06:54:55+00:00</published></entry><entry><id>https://github.com/OWASP/CheatSheetSeries/pull/1483</id><title>Improve Log4j configuration examples</title><updated>2024-11-19T19:21:48+00:00</updated><link href="https://github.com/OWASP/CheatSheetSeries/pull/1483"/><link href="https://github.com/OWASP/CheatSheetSeries/pull/1483"/><contributor><name>ppkarwasz</name><uri>https://github.com/ppkarwasz</uri></contributor><published>2024-11-19T19:21:48+00:00</published></entry><entry><id>https://github.com/OWASP/CheatSheetSeries/pull/1484</id><title>Update Cross_Site_Scripting_Prevention_Cheat_Sheet.md</title><updated>2024-09-09T14:09:19+00:00</updated><link href="https://github.com/OWASP/CheatSheetSeries/pull/1484"/><link href="https://github.com/OWASP/CheatSheetSeries/pull/1484"/><published>2024-09-09T14:09:19+00:00</published></entry><entry><id>https://github.com/OWASP/CheatSheetSeries/pull/1485</id><title>Fix typo in REST_Security_Cheat_Sheet.md</title><updated>2024-09-10T16:51:17+00:00</updated><link href="https://github.com/OWASP/CheatSheetSeries/pull/1485"/><link href="https://github.com/OWASP/CheatSheetSeries/pull/1485"/><published>2024-09-10T16:51:17+00:00</published></entry><entry><id>https://github.com/OWASP/CheatSheetSeries/pull/1487</id><title>Update IndexProactiveControls.md  to archive/2018</title><updated>2024-09-11T13:23:46+00:00</updated><link href="https://github.com/OWASP/CheatSheetSeries/pull/1487"/><link href="https://github.com/OWASP/CheatSheetSeries/pull/1487"/><published>2024-09-11T13:23:46+00:00</published></entry><entry><id>https://github.com/OWASP/CheatSheetSeries/pull/1488</id><title>Update Session ID Entropy/Length in Session_Management_Cheat_Sheet.md</title><updated>2024-09-11T15:28:49+00:00</updated><link href="https://github.com/OWASP/CheatSheetSeries/pull/1488"/><link href="https://github.com/OWASP/CheatSheetSeries/pull/1488"/><published>2024-09-11T15:28:49+00:00</published></entry><entry><id>https://github.com/OWASP/CheatSheetSeries/pull/1489</id><title>Remove Caret char in SSCS</title><updated>2024-09-12T13:02:06+00:00</updated><link href="https://github.com/OWASP/CheatSheetSeries/pull/1489"/><link href="https://github.com/OWASP/CheatSheetSeries/pull/1489"/><published>2024-09-12T13:02:06+00:00</published></entry><entry><id>https://github.com/OWASP/CheatSheetSeries/pull/1490</id><title>Update few more mistakes in SSCS</title><updated>2024-09-12T13:47:36+00:00</updated><link href="https://github.com/OWASP/CheatSheetSeries/pull/1490"/><link href="https://github.com/OWASP/CheatSheetSeries/pull/1490"/><published>2024-09-12T13:47:36+00:00</published></entry><entry><id>https://github.com/OWASP/CheatSheetSeries/pull/1491</id><title>fix CRSF -&gt; CSRF typo</title><updated>2024-09-15T13:23:08+00:00</updated><link href="https://github.com/OWASP/CheatSheetSeries/pull/1491"/><link href="https://github.com/OWASP/CheatSheetSeries/pull/1491"/><published>2024-09-15T13:23:08+00:00</published></entry><entry><id>https://github.com/OWASP/CheatSheetSeries/pull/1495</id><title>Add Threat modeling for builders, Threat Composer</title><updated>2024-09-25T18:45:47+00:00</updated><link href="https://github.com/OWASP/CheatSheetSeries/pull/1495"/><link href="https://github.com/OWASP/CheatSheetSeries/pull/1495"/><published>2024-09-25T18:45:47+00:00</published></entry><entry><id>https://github.com/OWASP/CheatSheetSeries/pull/1496</id><title>Tech writer enhanced clarity of document.</title><updated>2024-10-01T10:23:53+00:00</updated><link href="https://github.com/OWASP/CheatSheetSeries/pull/1496"/><link href="https://github.com/OWASP/CheatSheetSeries/pull/1496"/><published>2024-10-01T10:23:53+00:00</published></entry><entry><id>https://github.com/OWASP/CheatSheetSeries/pull/1497</id><title>Adding policies and legitify references</title><updated>2024-09-29T15:46:36+00:00</updated><link href="https://github.com/OWASP/CheatSheetSeries/pull/1497"/><link href="https://github.com/OWASP/CheatSheetSeries/pull/1497"/><published>2024-09-29T15:46:36+00:00</published></entry><entry><id>https://github.com/OWASP/CheatSheetSeries/pull/1498</id><title>Update upload-artifact to supported version</title><updated>2024-09-29T15:10:52+00:00</updated><link href="https://github.com/OWASP/CheatSheetSeries/pull/1498"/><link href="https://github.com/OWASP/CheatSheetSeries/pull/1498"/><published>2024-09-29T15:10:52+00:00</published></entry><entry><id>https://github.com/OWASP/CheatSheetSeries/pull/1500</id><title>Update build-and-deploy-website.yml</title><updated>2024-09-30T08:56:58+00:00</updated><link href="https://github.com/OWASP/CheatSheetSeries/pull/1500"/><link href="https://github.com/OWASP/CheatSheetSeries/pull/1500"/><published>2024-09-30T08:56:58+00:00</published></entry><entry><id>https://github.com/OWASP/CheatSheetSeries/pull/1502</id><title>Fix file name</title><updated>2024-09-30T15:25:36+00:00</updated><link href="https://github.com/OWASP/CheatSheetSeries/pull/1502"/><link href="https://github.com/OWASP/CheatSheetSeries/pull/1502"/><published>2024-09-30T15:25:36+00:00</published></entry><entry><id>https://github.com/OWASP/CheatSheetSeries/pull/1503</id><title>fix: Fix files' names for Software_Supply_Chain_Security.md and Webhook_Security_Guidelines_CheatSheet.md</title><updated>2024-10-01T08:53:47+00:00</updated><link href="https://github.com/OWASP/CheatSheetSeries/pull/1503"/><link href="https://github.com/OWASP/CheatSheetSeries/pull/1503"/><published>2024-10-01T08:53:47+00:00</published></entry><entry><id>https://github.com/OWASP/CheatSheetSeries/pull/1504</id><title>Correct type of clobbered object properties from `HTMLElement` to `Element`</title><updated>2024-10-01T13:11:46+00:00</updated><link href="https://github.com/OWASP/CheatSheetSeries/pull/1504"/><link href="https://github.com/OWASP/CheatSheetSeries/pull/1504"/><published>2024-10-01T13:11:46+00:00</published></entry><entry><id>https://github.com/OWASP/CheatSheetSeries/pull/1507</id><title>explicitly warn against complexity rules</title><updated>2024-10-01T13:06:39+00:00</updated><link href="https://github.com/OWASP/CheatSheetSeries/pull/1507"/><link href="https://github.com/OWASP/CheatSheetSeries/pull/1507"/><published>2024-10-01T13:06:39+00:00</published></entry><entry><id>https://github.com/OWASP/CheatSheetSeries/pull/1510</id><title>Clarify that requests with Content-Length: 0 do not require a Content…</title><updated>2024-10-03T08:19:02+00:00</updated><link href="https://github.com/OWASP/CheatSheetSeries/pull/1510"/><link href="https://github.com/OWASP/CheatSheetSeries/pull/1510"/><published>2024-10-03T08:19:02+00:00</published></entry><entry><id>https://github.com/OWASP/CheatSheetSeries/pull/1511</id><title>fix typo in CSRF cheatsheet</title><updated>2024-10-06T14:18:39+00:00</updated><link href="https://github.com/OWASP/CheatSheetSeries/pull/1511"/><link href="https://github.com/OWASP/CheatSheetSeries/pull/1511"/><published>2024-10-06T14:18:39+00:00</published></entry><entry><id>https://github.com/OWASP/CheatSheetSeries/pull/1513</id><title>CSRF Cheatsheet: Remove sessionID from CSRF Token</title><updated>2024-10-09T09:33:11+00:00</updated><link href="https://github.com/OWASP/CheatSheetSeries/pull/1513"/><link href="https://github.com/OWASP/CheatSheetSeries/pull/1513"/><published>2024-10-09T09:33:11+00:00</published></entry><entry><id>https://github.com/OWASP/CheatSheetSeries/pull/1515</id><title>Update Third_Party_Javascript_Management_Cheat_Sheet.md</title><updated>2024-10-31T15:37:38+00:00</updated><link href="https://github.com/OWASP/CheatSheetSeries/pull/1515"/><link href="https://github.com/OWASP/CheatSheetSeries/pull/1515"/><published>2024-10-31T15:37:38+00:00</published></entry><entry><id>https://github.com/OWASP/CheatSheetSeries/pull/1517</id><title>Browser Extension Top 10 Security Vulnerabilities</title><updated>2024-11-18T16:52:24+00:00</updated><link href="https://github.com/OWASP/CheatSheetSeries/pull/1517"/><link href="https://github.com/OWASP/CheatSheetSeries/pull/1517"/><published>2024-11-18T16:52:24+00:00</published></entry><entry><id>https://github.com/OWASP/CheatSheetSeries/pull/1519</id><title>GH 1518 update authentication</title><updated>2024-10-31T15:44:27+00:00</updated><link href="https://github.com/OWASP/CheatSheetSeries/pull/1519"/><link href="https://github.com/OWASP/CheatSheetSeries/pull/1519"/><published>2024-10-31T15:44:27+00:00</published></entry><entry><id>https://github.com/OWASP/CheatSheetSeries/pull/1521</id><title>Avoid ambiguous encoding for HMAC input</title><updated>2024-11-12T19:44:31+00:00</updated><link href="https://github.com/OWASP/CheatSheetSeries/pull/1521"/><link href="https://github.com/OWASP/CheatSheetSeries/pull/1521"/><published>2024-11-12T19:44:31+00:00</published></entry><entry><id>https://github.com/OWASP/CheatSheetSeries/pull/1522</id><title>Update Threat_Modeling_Cheat_Sheet.md</title><updated>2024-10-31T15:37:07+00:00</updated><link href="https://github.com/OWASP/CheatSheetSeries/pull/1522"/><link href="https://github.com/OWASP/CheatSheetSeries/pull/1522"/><published>2024-10-31T15:37:07+00:00</published></entry><entry><id>https://github.com/OWASP/CheatSheetSeries/pull/1525</id><title>Fix typo in Django_Security_Cheat_Sheet.md</title><updated>2024-10-31T15:36:31+00:00</updated><link href="https://github.com/OWASP/CheatSheetSeries/pull/1525"/><link href="https://github.com/OWASP/CheatSheetSeries/pull/1525"/><published>2024-10-31T15:36:31+00:00</published></entry><entry><id>https://github.com/OWASP/CheatSheetSeries/pull/1526</id><title>CI: Update Actions</title><updated>2024-10-31T15:41:40+00:00</updated><link href="https://github.com/OWASP/CheatSheetSeries/pull/1526"/><link href="https://github.com/OWASP/CheatSheetSeries/pull/1526"/><published>2024-10-31T15:41:40+00:00</published></entry><entry><id>https://github.com/OWASP/CheatSheetSeries/pull/1527</id><title>Update requirements.txt</title><updated>2024-10-31T15:48:31+00:00</updated><link href="https://github.com/OWASP/CheatSheetSeries/pull/1527"/><link href="https://github.com/OWASP/CheatSheetSeries/pull/1527"/><published>2024-10-31T15:48:31+00:00</published></entry><entry><id>https://github.com/OWASP/CheatSheetSeries/pull/1528</id><title>Update Secrets_Management_Cheat_Sheet.md</title><updated>2024-11-12T19:40:27+00:00</updated><link href="https://github.com/OWASP/CheatSheetSeries/pull/1528"/><link href="https://github.com/OWASP/CheatSheetSeries/pull/1528"/><published>2024-11-12T19:40:27+00:00</published></entry><entry><id>https://github.com/OWASP/CheatSheetSeries/pull/1529</id><title>Update link to draft-ietf-kitten-password-storage-07</title><updated>2024-11-07T16:41:51+00:00</updated><link href="https://github.com/OWASP/CheatSheetSeries/pull/1529"/><link href="https://github.com/OWASP/CheatSheetSeries/pull/1529"/><published>2024-11-07T16:41:51+00:00</published></entry><entry><id>https://github.com/OWASP/CheatSheetSeries/pull/1530</id><title>Update: Secrets Management Cheat Sheet</title><updated>2024-11-12T21:00:47+00:00</updated><link href="https://github.com/OWASP/CheatSheetSeries/pull/1530"/><link href="https://github.com/OWASP/CheatSheetSeries/pull/1530"/><published>2024-11-12T21:00:47+00:00</published></entry><entry><id>https://github.com/OWASP/CheatSheetSeries/pull/1533</id><title>Add a note to clarify that null byte prevention does not prevent password shucking</title><updated>2024-11-12T19:38:15+00:00</updated><link href="https://github.com/OWASP/CheatSheetSeries/pull/1533"/><link href="https://github.com/OWASP/CheatSheetSeries/pull/1533"/><published>2024-11-12T19:38:15+00:00</published></entry><entry><id>https://github.com/OWASP/CheatSheetSeries/pull/1539</id><title>Fix capitalization error in CSRF Prevention Cheatsheet</title><updated>2024-11-12T14:26:18+00:00</updated><link href="https://github.com/OWASP/CheatSheetSeries/pull/1539"/><link href="https://github.com/OWASP/CheatSheetSeries/pull/1539"/><published>2024-11-12T14:26:18+00:00</published></entry><entry><id>https://github.com/OWASP/CheatSheetSeries/pull/1540</id><title>Update Input_Validation_Cheat_Sheet.md</title><updated>2024-11-22T14:00:44+00:00</updated><link href="https://github.com/OWASP/CheatSheetSeries/pull/1540"/><link href="https://github.com/OWASP/CheatSheetSeries/pull/1540"/><published>2024-11-22T14:00:44+00:00</published></entry><entry><id>https://github.com/OWASP/CheatSheetSeries/pull/1542</id><title>SSC Cheatsheet Typo Fixes</title><updated>2024-11-15T11:53:18+00:00</updated><link href="https://github.com/OWASP/CheatSheetSeries/pull/1542"/><link href="https://github.com/OWASP/CheatSheetSeries/pull/1542"/><published>2024-11-15T11:53:18+00:00</published></entry><entry><id>https://github.com/OWASP/CheatSheetSeries/pull/1543</id><title>Update Input_Validation_Cheat_Sheet.md</title><updated>2024-11-18T12:48:03+00:00</updated><link href="https://github.com/OWASP/CheatSheetSeries/pull/1543"/><link href="https://github.com/OWASP/CheatSheetSeries/pull/1543"/><published>2024-11-18T12:48:03+00:00</published></entry><entry><id>https://github.com/OWASP/CheatSheetSeries/pull/1544</id><title>Rename BrowserExtensionVulnerabilities.md to Browser_Extension_Vulnerabilities_Cheat_Sheet.md</title><updated>2024-11-22T13:47:17+00:00</updated><link href="https://github.com/OWASP/CheatSheetSeries/pull/1544"/><link href="https://github.com/OWASP/CheatSheetSeries/pull/1544"/><published>2024-11-22T13:47:17+00:00</published></entry><entry><id>https://github.com/OWASP/CheatSheetSeries/pull/1546</id><title>fix(HTTP Headers): remove HTTP in code example</title><updated>2024-11-22T13:46:22+00:00</updated><link href="https://github.com/OWASP/CheatSheetSeries/pull/1546"/><link href="https://github.com/OWASP/CheatSheetSeries/pull/1546"/><published>2024-11-22T13:46:22+00:00</published></entry></feed>