<?xml version='1.0' encoding='UTF-8'?>
<feed xmlns="http://www.w3.org/2005/Atom" xml:lang="en"><id>https://cheatsheetseries.owasp.org/</id><title>OWASP Cheat Sheet Series update</title><updated>2024-05-23T09:28:44+00:00</updated><author><name>Core team</name><email>dominique.righetto@owasp.org</email></author><link href="https://cheatsheetseries.owasp.org" rel="self"/><link href="https://github.com/OWASP/CheatSheetSeries" rel="alternate"/><generator uri="https://lkiesow.github.io/python-feedgen" version="0.9.0">python-feedgen</generator><icon>https://cheatsheetseries.owasp.org/gitbook/images/favicon.ico</icon><subtitle>List of the last updates on the content</subtitle><entry><id>https://github.com/OWASP/CheatSheetSeries/pull/1274</id><title>Update Kubernetes_Security_Cheat_Sheet.md</title><updated>2024-01-09T01:25:27+00:00</updated><link href="https://github.com/OWASP/CheatSheetSeries/pull/1274" rel="self"/><link href="https://github.com/OWASP/CheatSheetSeries/pull/1274" rel="alternate"/><published>2024-01-09T01:25:27+00:00</published></entry><entry><id>https://github.com/OWASP/CheatSheetSeries/pull/1275</id><title>Add Docker Scout as suggested tool</title><updated>2024-01-09T18:02:36+00:00</updated><link href="https://github.com/OWASP/CheatSheetSeries/pull/1275" rel="self"/><link href="https://github.com/OWASP/CheatSheetSeries/pull/1275" rel="alternate"/><published>2024-01-09T18:02:36+00:00</published></entry><entry><id>https://github.com/OWASP/CheatSheetSeries/pull/1277</id><title>Fix GH checkout action not fetching all branches</title><updated>2024-01-09T20:46:25+00:00</updated><link href="https://github.com/OWASP/CheatSheetSeries/pull/1277" rel="self"/><link href="https://github.com/OWASP/CheatSheetSeries/pull/1277" rel="alternate"/><published>2024-01-09T20:46:25+00:00</published></entry><entry><id>https://github.com/OWASP/CheatSheetSeries/pull/1278</id><title>fix: Authentication Cheat Sheet: Correct grammar and markdown style</title><updated>2024-01-10T07:52:49+00:00</updated><link href="https://github.com/OWASP/CheatSheetSeries/pull/1278" rel="self"/><link href="https://github.com/OWASP/CheatSheetSeries/pull/1278" rel="alternate"/><published>2024-01-10T07:52:49+00:00</published></entry><entry><id>https://github.com/OWASP/CheatSheetSeries/pull/1279</id><title>Fix Typo in Threat_Modeling_Cheat_Sheet.md</title><updated>2024-01-10T14:39:35+00:00</updated><link href="https://github.com/OWASP/CheatSheetSeries/pull/1279" rel="self"/><link href="https://github.com/OWASP/CheatSheetSeries/pull/1279" rel="alternate"/><published>2024-01-10T14:39:35+00:00</published></entry><entry><id>https://github.com/OWASP/CheatSheetSeries/pull/1280</id><title>Update Authentication_Cheat_Sheet.md</title><updated>2024-02-14T14:02:48+00:00</updated><link href="https://github.com/OWASP/CheatSheetSeries/pull/1280" rel="self"/><link href="https://github.com/OWASP/CheatSheetSeries/pull/1280" rel="alternate"/><published>2024-02-14T14:02:48+00:00</published></entry><entry><id>https://github.com/OWASP/CheatSheetSeries/pull/1283</id><title>Update Authorization_Cheat_Sheet.md</title><updated>2024-01-13T20:24:48+00:00</updated><link href="https://github.com/OWASP/CheatSheetSeries/pull/1283" rel="self"/><link href="https://github.com/OWASP/CheatSheetSeries/pull/1283" rel="alternate"/><published>2024-01-13T20:24:48+00:00</published></entry><entry><id>https://github.com/OWASP/CheatSheetSeries/pull/1285</id><title>docs: fix anchor in CSRF cheat sheet</title><updated>2024-01-17T13:44:45+00:00</updated><link href="https://github.com/OWASP/CheatSheetSeries/pull/1285" rel="self"/><link href="https://github.com/OWASP/CheatSheetSeries/pull/1285" rel="alternate"/><published>2024-01-17T13:44:45+00:00</published></entry><entry><id>https://github.com/OWASP/CheatSheetSeries/pull/1286</id><title>super simple typo on cheatsheets/Injection_Prevention_Cheat_Sheet.md</title><updated>2024-01-17T13:42:57+00:00</updated><link href="https://github.com/OWASP/CheatSheetSeries/pull/1286" rel="self"/><link href="https://github.com/OWASP/CheatSheetSeries/pull/1286" rel="alternate"/><published>2024-01-17T13:42:57+00:00</published></entry><entry><id>https://github.com/OWASP/CheatSheetSeries/pull/1287</id><title>XXE on ASP.NET addition</title><updated>2024-01-18T19:04:49+00:00</updated><link href="https://github.com/OWASP/CheatSheetSeries/pull/1287" rel="self"/><link href="https://github.com/OWASP/CheatSheetSeries/pull/1287" rel="alternate"/><published>2024-01-18T19:04:49+00:00</published></entry><entry><id>https://github.com/OWASP/CheatSheetSeries/pull/1288</id><title>Protect SchemaFactory in code sample for Validator</title><updated>2024-01-18T13:47:39+00:00</updated><link href="https://github.com/OWASP/CheatSheetSeries/pull/1288" rel="self"/><link href="https://github.com/OWASP/CheatSheetSeries/pull/1288" rel="alternate"/><published>2024-01-18T13:47:39+00:00</published></entry><entry><id>https://github.com/OWASP/CheatSheetSeries/pull/1290</id><title>Update Denial_of_Service_Cheat_Sheet.md</title><updated>2024-01-21T16:46:28+00:00</updated><link href="https://github.com/OWASP/CheatSheetSeries/pull/1290" rel="self"/><link href="https://github.com/OWASP/CheatSheetSeries/pull/1290" rel="alternate"/><published>2024-01-21T16:46:28+00:00</published></entry><entry><id>https://github.com/OWASP/CheatSheetSeries/pull/1291</id><title>chore(Secure_Cloud_Arch): Update links &amp; wording</title><updated>2024-01-24T14:09:30+00:00</updated><link href="https://github.com/OWASP/CheatSheetSeries/pull/1291" rel="self"/><link href="https://github.com/OWASP/CheatSheetSeries/pull/1291" rel="alternate"/><published>2024-01-24T14:09:30+00:00</published></entry><entry><id>https://github.com/OWASP/CheatSheetSeries/pull/1292</id><title>Fix missing closing parenthesis in Java code example in Input_Validation_Cheat_Sheet.md</title><updated>2024-01-24T14:09:41+00:00</updated><link href="https://github.com/OWASP/CheatSheetSeries/pull/1292" rel="self"/><link href="https://github.com/OWASP/CheatSheetSeries/pull/1292" rel="alternate"/><published>2024-01-24T14:09:41+00:00</published></entry><entry><id>https://github.com/OWASP/CheatSheetSeries/pull/1293</id><title>chore(images): compress/optimize</title><updated>2024-01-25T14:04:00+00:00</updated><link href="https://github.com/OWASP/CheatSheetSeries/pull/1293" rel="self"/><link href="https://github.com/OWASP/CheatSheetSeries/pull/1293" rel="alternate"/><published>2024-01-25T14:04:00+00:00</published></entry><entry><id>https://github.com/OWASP/CheatSheetSeries/pull/1294</id><title>Fix typos in multiple cheat sheets</title><updated>2024-01-25T13:58:47+00:00</updated><link href="https://github.com/OWASP/CheatSheetSeries/pull/1294" rel="self"/><link href="https://github.com/OWASP/CheatSheetSeries/pull/1294" rel="alternate"/><published>2024-01-25T13:58:47+00:00</published></entry><entry><id>https://github.com/OWASP/CheatSheetSeries/pull/1296</id><title>Rename Transport Layer Protection to Transport Layer Security &amp; Consolidate TLS Cipher</title><updated>2024-01-29T14:10:38+00:00</updated><link href="https://github.com/OWASP/CheatSheetSeries/pull/1296" rel="self"/><link href="https://github.com/OWASP/CheatSheetSeries/pull/1296" rel="alternate"/><published>2024-01-29T14:10:38+00:00</published></entry><entry><id>https://github.com/OWASP/CheatSheetSeries/pull/1298</id><title>Align MASVS Index to v2.1.0 of the standard</title><updated>2024-02-02T12:36:58+00:00</updated><link href="https://github.com/OWASP/CheatSheetSeries/pull/1298" rel="self"/><link href="https://github.com/OWASP/CheatSheetSeries/pull/1298" rel="alternate"/><published>2024-02-02T12:36:58+00:00</published></entry><entry><id>https://github.com/OWASP/CheatSheetSeries/pull/1299</id><title>feat(MFA): Comprehensive Update</title><updated>2024-01-30T12:06:12+00:00</updated><link href="https://github.com/OWASP/CheatSheetSeries/pull/1299" rel="self"/><link href="https://github.com/OWASP/CheatSheetSeries/pull/1299" rel="alternate"/><published>2024-01-30T12:06:12+00:00</published></entry><entry><id>https://github.com/OWASP/CheatSheetSeries/pull/1301</id><title>feat(Docker): add Secrets, Compose v2, Supply Chain Security, Podman</title><updated>2024-02-02T12:38:49+00:00</updated><link href="https://github.com/OWASP/CheatSheetSeries/pull/1301" rel="self"/><link href="https://github.com/OWASP/CheatSheetSeries/pull/1301" rel="alternate"/><published>2024-02-02T12:38:49+00:00</published></entry><entry><id>https://github.com/OWASP/CheatSheetSeries/pull/1303</id><title>Update XML_Security_Cheat_Sheet.md</title><updated>2024-02-02T10:25:05+00:00</updated><link href="https://github.com/OWASP/CheatSheetSeries/pull/1303" rel="self"/><link href="https://github.com/OWASP/CheatSheetSeries/pull/1303" rel="alternate"/><published>2024-02-02T10:25:05+00:00</published></entry><entry><id>https://github.com/OWASP/CheatSheetSeries/pull/1304</id><title>fixed Typos in Kubernetes Security cheat sheet</title><updated>2024-02-02T10:28:01+00:00</updated><link href="https://github.com/OWASP/CheatSheetSeries/pull/1304" rel="self"/><link href="https://github.com/OWASP/CheatSheetSeries/pull/1304" rel="alternate"/><published>2024-02-02T10:28:01+00:00</published></entry><entry><id>https://github.com/OWASP/CheatSheetSeries/pull/1305</id><title>Update XML_External_Entity_Prevention_Cheat_Sheet.md</title><updated>2024-02-02T10:32:46+00:00</updated><link href="https://github.com/OWASP/CheatSheetSeries/pull/1305" rel="self"/><link href="https://github.com/OWASP/CheatSheetSeries/pull/1305" rel="alternate"/><published>2024-02-02T10:32:46+00:00</published></entry><entry><id>https://github.com/OWASP/CheatSheetSeries/pull/1307</id><title>Update Authorization_Testing_Automation_Cheat_Sheet.md</title><updated>2024-02-02T11:54:00+00:00</updated><link href="https://github.com/OWASP/CheatSheetSeries/pull/1307" rel="self"/><link href="https://github.com/OWASP/CheatSheetSeries/pull/1307" rel="alternate"/><published>2024-02-02T11:54:00+00:00</published></entry><entry><id>https://github.com/OWASP/CheatSheetSeries/pull/1308</id><title>feat: update logos, dark theme, navbar defaults and misc fixes</title><updated>2024-02-06T11:55:11+00:00</updated><link href="https://github.com/OWASP/CheatSheetSeries/pull/1308" rel="self"/><link href="https://github.com/OWASP/CheatSheetSeries/pull/1308" rel="alternate"/><published>2024-02-06T11:55:11+00:00</published></entry><entry><id>https://github.com/OWASP/CheatSheetSeries/pull/1310</id><title>Fix typos and minor grammar issues in Cross Site Request Forgery Prevention Cheat Sheet</title><updated>2024-02-05T18:02:07+00:00</updated><link href="https://github.com/OWASP/CheatSheetSeries/pull/1310" rel="self"/><link href="https://github.com/OWASP/CheatSheetSeries/pull/1310" rel="alternate"/><published>2024-02-05T18:02:07+00:00</published></entry><entry><id>https://github.com/OWASP/CheatSheetSeries/pull/1311</id><title>Fixed incorrect URL</title><updated>2024-02-06T12:00:37+00:00</updated><link href="https://github.com/OWASP/CheatSheetSeries/pull/1311" rel="self"/><link href="https://github.com/OWASP/CheatSheetSeries/pull/1311" rel="alternate"/><published>2024-02-06T12:00:37+00:00</published></entry><entry><id>https://github.com/OWASP/CheatSheetSeries/pull/1312</id><title>Fix typo</title><updated>2024-02-06T14:30:46+00:00</updated><link href="https://github.com/OWASP/CheatSheetSeries/pull/1312" rel="self"/><link href="https://github.com/OWASP/CheatSheetSeries/pull/1312" rel="alternate"/><published>2024-02-06T14:30:46+00:00</published></entry><entry><id>https://github.com/OWASP/CheatSheetSeries/pull/1314</id><title>fixed typo</title><updated>2024-02-07T13:47:04+00:00</updated><link href="https://github.com/OWASP/CheatSheetSeries/pull/1314" rel="self"/><link href="https://github.com/OWASP/CheatSheetSeries/pull/1314" rel="alternate"/><published>2024-02-07T13:47:04+00:00</published></entry><entry><id>https://github.com/OWASP/CheatSheetSeries/pull/1316</id><title>chore(license): apply consistent `CC-BY-SA-4.0`</title><updated>2024-02-08T12:06:42+00:00</updated><link href="https://github.com/OWASP/CheatSheetSeries/pull/1316" rel="self"/><link href="https://github.com/OWASP/CheatSheetSeries/pull/1316" rel="alternate"/><published>2024-02-08T12:06:42+00:00</published></entry><entry><id>https://github.com/OWASP/CheatSheetSeries/pull/1317</id><title>Update XML_Security_Cheat_Sheet.md</title><updated>2024-02-08T12:31:03+00:00</updated><link href="https://github.com/OWASP/CheatSheetSeries/pull/1317" rel="self"/><link href="https://github.com/OWASP/CheatSheetSeries/pull/1317" rel="alternate"/><published>2024-02-08T12:31:03+00:00</published></entry><entry><id>https://github.com/OWASP/CheatSheetSeries/pull/1318</id><title>feat(preface): dark mode friendly logo &amp; header</title><updated>2024-02-14T14:00:28+00:00</updated><link href="https://github.com/OWASP/CheatSheetSeries/pull/1318" rel="self"/><link href="https://github.com/OWASP/CheatSheetSeries/pull/1318" rel="alternate"/><published>2024-02-14T14:00:28+00:00</published></entry><entry><id>https://github.com/OWASP/CheatSheetSeries/pull/1321</id><title>RLT Tech Writer: edits to XML Filter Evasion cheat sheet for clarity </title><updated>2024-02-14T13:58:56+00:00</updated><link href="https://github.com/OWASP/CheatSheetSeries/pull/1321" rel="self"/><link href="https://github.com/OWASP/CheatSheetSeries/pull/1321" rel="alternate"/><published>2024-02-14T13:58:56+00:00</published></entry><entry><id>https://github.com/OWASP/CheatSheetSeries/pull/1323</id><title>Update Transport_Layer_Security_Cheat_Sheet.md</title><updated>2024-02-13T13:42:56+00:00</updated><link href="https://github.com/OWASP/CheatSheetSeries/pull/1323" rel="self"/><link href="https://github.com/OWASP/CheatSheetSeries/pull/1323" rel="alternate"/><published>2024-02-13T13:42:56+00:00</published></entry><entry><id>https://github.com/OWASP/CheatSheetSeries/pull/1324</id><title>Escape '*' characters that were improperly rendering as markdown</title><updated>2024-02-13T13:45:19+00:00</updated><link href="https://github.com/OWASP/CheatSheetSeries/pull/1324" rel="self"/><link href="https://github.com/OWASP/CheatSheetSeries/pull/1324" rel="alternate"/><published>2024-02-13T13:45:19+00:00</published></entry><entry><id>https://github.com/OWASP/CheatSheetSeries/pull/1327</id><title>refactor(XSS_Filter_Evasion): #1321 Suggestions</title><updated>2024-02-24T16:46:26+00:00</updated><link href="https://github.com/OWASP/CheatSheetSeries/pull/1327" rel="self"/><link href="https://github.com/OWASP/CheatSheetSeries/pull/1327" rel="alternate"/><published>2024-02-24T16:46:26+00:00</published></entry><entry><id>https://github.com/OWASP/CheatSheetSeries/pull/1328</id><title>"JWT token" is redundant. Removed instances of 'token' after "JWT"</title><updated>2024-02-19T17:58:46+00:00</updated><link href="https://github.com/OWASP/CheatSheetSeries/pull/1328" rel="self"/><link href="https://github.com/OWASP/CheatSheetSeries/pull/1328" rel="alternate"/><published>2024-02-19T17:58:46+00:00</published></entry><entry><id>https://github.com/OWASP/CheatSheetSeries/pull/1330</id><title>Tech Writer: Redid Database Security Cheat Sheet</title><updated>2024-02-20T08:43:41+00:00</updated><link href="https://github.com/OWASP/CheatSheetSeries/pull/1330" rel="self"/><link href="https://github.com/OWASP/CheatSheetSeries/pull/1330" rel="alternate"/><published>2024-02-20T08:43:41+00:00</published></entry><entry><id>https://github.com/OWASP/CheatSheetSeries/pull/1331</id><title>CSRF clarification</title><updated>2024-02-18T22:37:30+00:00</updated><link href="https://github.com/OWASP/CheatSheetSeries/pull/1331" rel="self"/><link href="https://github.com/OWASP/CheatSheetSeries/pull/1331" rel="alternate"/><published>2024-02-18T22:37:30+00:00</published></entry><entry><id>https://github.com/OWASP/CheatSheetSeries/pull/1332</id><title>Added caveat about customer request header approach and its use in login csrf mitigation</title><updated>2024-02-19T17:40:45+00:00</updated><link href="https://github.com/OWASP/CheatSheetSeries/pull/1332" rel="self"/><link href="https://github.com/OWASP/CheatSheetSeries/pull/1332" rel="alternate"/><published>2024-02-19T17:40:45+00:00</published></entry><entry><id>https://github.com/OWASP/CheatSheetSeries/pull/1334</id><title>Address GitHub issue #1092</title><updated>2024-03-05T07:28:57+00:00</updated><link href="https://github.com/OWASP/CheatSheetSeries/pull/1334" rel="self"/><link href="https://github.com/OWASP/CheatSheetSeries/pull/1334" rel="alternate"/><published>2024-03-05T07:28:57+00:00</published></entry><entry><id>https://github.com/OWASP/CheatSheetSeries/pull/1335</id><title>Fixed typos</title><updated>2024-02-22T13:57:41+00:00</updated><link href="https://github.com/OWASP/CheatSheetSeries/pull/1335" rel="self"/><link href="https://github.com/OWASP/CheatSheetSeries/pull/1335" rel="alternate"/><published>2024-02-22T13:57:41+00:00</published></entry><entry><id>https://github.com/OWASP/CheatSheetSeries/pull/1336</id><title>Warn against using CAPTCHA for CSRF protection</title><updated>2024-02-25T21:40:05+00:00</updated><link href="https://github.com/OWASP/CheatSheetSeries/pull/1336" rel="self"/><link href="https://github.com/OWASP/CheatSheetSeries/pull/1336" rel="alternate"/><published>2024-02-25T21:40:05+00:00</published></entry><entry><id>https://github.com/OWASP/CheatSheetSeries/pull/1341</id><title>Links, typos, uniformity</title><updated>2024-02-24T16:45:14+00:00</updated><link href="https://github.com/OWASP/CheatSheetSeries/pull/1341" rel="self"/><link href="https://github.com/OWASP/CheatSheetSeries/pull/1341" rel="alternate"/><published>2024-02-24T16:45:14+00:00</published></entry><entry><id>https://github.com/OWASP/CheatSheetSeries/pull/1342</id><title>Update Clickjacking_Defense_Cheat_Sheet.md</title><updated>2024-02-24T16:44:09+00:00</updated><link href="https://github.com/OWASP/CheatSheetSeries/pull/1342" rel="self"/><link href="https://github.com/OWASP/CheatSheetSeries/pull/1342" rel="alternate"/><published>2024-02-24T16:44:09+00:00</published></entry><entry><id>https://github.com/OWASP/CheatSheetSeries/pull/1343</id><title>Optimize new images</title><updated>2024-02-25T21:39:20+00:00</updated><link href="https://github.com/OWASP/CheatSheetSeries/pull/1343" rel="self"/><link href="https://github.com/OWASP/CheatSheetSeries/pull/1343" rel="alternate"/><published>2024-02-25T21:39:20+00:00</published></entry><entry><id>https://github.com/OWASP/CheatSheetSeries/pull/1344</id><title>Copy editing on SQL Injection Prevention cheat sheet</title><updated>2024-02-26T12:29:33+00:00</updated><link href="https://github.com/OWASP/CheatSheetSeries/pull/1344" rel="self"/><link href="https://github.com/OWASP/CheatSheetSeries/pull/1344" rel="alternate"/><published>2024-02-26T12:29:33+00:00</published></entry><entry><id>https://github.com/OWASP/CheatSheetSeries/pull/1345</id><title>Update LDAP Injection Prevention Cheat sheet</title><updated>2024-03-06T13:38:51+00:00</updated><link href="https://github.com/OWASP/CheatSheetSeries/pull/1345" rel="self"/><link href="https://github.com/OWASP/CheatSheetSeries/pull/1345" rel="alternate"/><published>2024-03-06T13:38:51+00:00</published></entry><entry><id>https://github.com/OWASP/CheatSheetSeries/pull/1346</id><title>Bump jinja2 from 3.1.2 to 3.1.3</title><updated>2024-02-26T08:52:24+00:00</updated><link href="https://github.com/OWASP/CheatSheetSeries/pull/1346" rel="self"/><link href="https://github.com/OWASP/CheatSheetSeries/pull/1346" rel="alternate"/><published>2024-02-26T08:52:24+00:00</published></entry><entry><id>https://github.com/OWASP/CheatSheetSeries/pull/1347</id><title>Bump urllib3 from 2.0.5 to 2.0.7</title><updated>2024-02-26T09:02:27+00:00</updated><link href="https://github.com/OWASP/CheatSheetSeries/pull/1347" rel="self"/><link href="https://github.com/OWASP/CheatSheetSeries/pull/1347" rel="alternate"/><published>2024-02-26T09:02:27+00:00</published></entry><entry><id>https://github.com/OWASP/CheatSheetSeries/pull/1349</id><title>Inclusive terminology</title><updated>2024-02-28T05:36:49+00:00</updated><link href="https://github.com/OWASP/CheatSheetSeries/pull/1349" rel="self"/><link href="https://github.com/OWASP/CheatSheetSeries/pull/1349" rel="alternate"/><published>2024-02-28T05:36:49+00:00</published></entry><entry><id>https://github.com/OWASP/CheatSheetSeries/pull/1350</id><title>chore: replace deprecated k8s PSP references</title><updated>2024-02-29T22:02:06+00:00</updated><link href="https://github.com/OWASP/CheatSheetSeries/pull/1350" rel="self"/><link href="https://github.com/OWASP/CheatSheetSeries/pull/1350" rel="alternate"/><published>2024-02-29T22:02:06+00:00</published></entry><entry><id>https://github.com/OWASP/CheatSheetSeries/pull/1351</id><title>CSRF mitigations using non-simple requests</title><updated>2024-03-01T20:57:03+00:00</updated><link href="https://github.com/OWASP/CheatSheetSeries/pull/1351" rel="self"/><link href="https://github.com/OWASP/CheatSheetSeries/pull/1351" rel="alternate"/><published>2024-03-01T20:57:03+00:00</published></entry><entry><id>https://github.com/OWASP/CheatSheetSeries/pull/1352</id><title>Update DotNet_Security_Cheat_Sheet.md</title><updated>2024-03-06T13:43:30+00:00</updated><link href="https://github.com/OWASP/CheatSheetSeries/pull/1352" rel="self"/><link href="https://github.com/OWASP/CheatSheetSeries/pull/1352" rel="alternate"/><published>2024-03-06T13:43:30+00:00</published></entry><entry><id>https://github.com/OWASP/CheatSheetSeries/pull/1353</id><title>Fixed indentation</title><updated>2024-03-05T13:35:53+00:00</updated><link href="https://github.com/OWASP/CheatSheetSeries/pull/1353" rel="self"/><link href="https://github.com/OWASP/CheatSheetSeries/pull/1353" rel="alternate"/><published>2024-03-05T13:35:53+00:00</published></entry><entry><id>https://github.com/OWASP/CheatSheetSeries/pull/1355</id><title>Fix minor typo</title><updated>2024-03-08T09:32:22+00:00</updated><link href="https://github.com/OWASP/CheatSheetSeries/pull/1355" rel="self"/><link href="https://github.com/OWASP/CheatSheetSeries/pull/1355" rel="alternate"/><published>2024-03-08T09:32:22+00:00</published></entry><entry><id>https://github.com/OWASP/CheatSheetSeries/pull/1357</id><title>Update Abuse_Case_Cheat_Sheet.md</title><updated>2024-03-11T09:56:06+00:00</updated><link href="https://github.com/OWASP/CheatSheetSeries/pull/1357" rel="self"/><link href="https://github.com/OWASP/CheatSheetSeries/pull/1357" rel="alternate"/><published>2024-03-11T09:56:06+00:00</published></entry><entry><id>https://github.com/OWASP/CheatSheetSeries/pull/1358</id><title>Update XML_Security_Cheat_Sheet.md</title><updated>2024-03-13T11:53:21+00:00</updated><link href="https://github.com/OWASP/CheatSheetSeries/pull/1358" rel="self"/><link href="https://github.com/OWASP/CheatSheetSeries/pull/1358" rel="alternate"/><published>2024-03-13T11:53:21+00:00</published></entry><entry><id>https://github.com/OWASP/CheatSheetSeries/pull/1360</id><title>Fixes typo in Secrets_Management_Cheat_Sheet.md</title><updated>2024-03-13T11:56:00+00:00</updated><link href="https://github.com/OWASP/CheatSheetSeries/pull/1360" rel="self"/><link href="https://github.com/OWASP/CheatSheetSeries/pull/1360" rel="alternate"/><published>2024-03-13T11:56:00+00:00</published></entry><entry><id>https://github.com/OWASP/CheatSheetSeries/pull/1361</id><title>Add a missing " in the pseudocode</title><updated>2024-03-13T12:56:42+00:00</updated><link href="https://github.com/OWASP/CheatSheetSeries/pull/1361" rel="self"/><link href="https://github.com/OWASP/CheatSheetSeries/pull/1361" rel="alternate"/><published>2024-03-13T12:56:42+00:00</published></entry><entry><id>https://github.com/OWASP/CheatSheetSeries/pull/1362</id><title>Update: Credential_Stuffing_Prevention_Cheat_Sheet - Issue #1315</title><updated>2024-03-20T08:58:11+00:00</updated><link href="https://github.com/OWASP/CheatSheetSeries/pull/1362" rel="self"/><link href="https://github.com/OWASP/CheatSheetSeries/pull/1362" rel="alternate"/><published>2024-03-20T08:58:11+00:00</published></entry><entry><id>https://github.com/OWASP/CheatSheetSeries/pull/1363</id><title>Fix minor typos in Authorization_Testing_Automation_Cheat_Sheet.md</title><updated>2024-03-20T08:58:37+00:00</updated><link href="https://github.com/OWASP/CheatSheetSeries/pull/1363" rel="self"/><link href="https://github.com/OWASP/CheatSheetSeries/pull/1363" rel="alternate"/><published>2024-03-20T08:58:37+00:00</published></entry><entry><id>https://github.com/OWASP/CheatSheetSeries/pull/1364</id><title>Fix typo in Symfony_Cheat_Sheet.md</title><updated>2024-03-22T11:38:21+00:00</updated><link href="https://github.com/OWASP/CheatSheetSeries/pull/1364" rel="self"/><link href="https://github.com/OWASP/CheatSheetSeries/pull/1364" rel="alternate"/><published>2024-03-22T11:38:21+00:00</published></entry><entry><id>https://github.com/OWASP/CheatSheetSeries/pull/1365</id><title>Correct two small typos in vocabulary.</title><updated>2024-03-25T09:29:12+00:00</updated><link href="https://github.com/OWASP/CheatSheetSeries/pull/1365" rel="self"/><link href="https://github.com/OWASP/CheatSheetSeries/pull/1365" rel="alternate"/><published>2024-03-25T09:29:12+00:00</published></entry><entry><id>https://github.com/OWASP/CheatSheetSeries/pull/1367</id><title>change broken link to webarchive link</title><updated>2024-04-02T11:12:02+00:00</updated><link href="https://github.com/OWASP/CheatSheetSeries/pull/1367" rel="self"/><link href="https://github.com/OWASP/CheatSheetSeries/pull/1367" rel="alternate"/><published>2024-04-02T11:12:02+00:00</published></entry><entry><id>https://github.com/OWASP/CheatSheetSeries/pull/1368</id><title>Update Threat_Modeling_Cheat_Sheet.md</title><updated>2024-04-02T16:42:27+00:00</updated><link href="https://github.com/OWASP/CheatSheetSeries/pull/1368" rel="self"/><link href="https://github.com/OWASP/CheatSheetSeries/pull/1368" rel="alternate"/><published>2024-04-02T16:42:27+00:00</published></entry><entry><id>https://github.com/OWASP/CheatSheetSeries/pull/1369</id><title>Replacing dead link with a similar article</title><updated>2024-04-02T11:02:36+00:00</updated><link href="https://github.com/OWASP/CheatSheetSeries/pull/1369" rel="self"/><link href="https://github.com/OWASP/CheatSheetSeries/pull/1369" rel="alternate"/><published>2024-04-02T11:02:36+00:00</published></entry><entry><id>https://github.com/OWASP/CheatSheetSeries/pull/1370</id><title>CI/CD Security Cheatsheet | fix typo "o" --&gt; "of" &amp;&amp; "enviornment" --&gt; "environment"</title><updated>2024-04-03T17:47:40+00:00</updated><link href="https://github.com/OWASP/CheatSheetSeries/pull/1370" rel="self"/><link href="https://github.com/OWASP/CheatSheetSeries/pull/1370" rel="alternate"/><published>2024-04-03T17:47:40+00:00</published></entry><entry><id>https://github.com/OWASP/CheatSheetSeries/pull/1371</id><title>NodeJS_Docker_Cheat_Sheet: remove backslashes from _ and []</title><updated>2024-04-13T20:08:11+00:00</updated><link href="https://github.com/OWASP/CheatSheetSeries/pull/1371" rel="self"/><link href="https://github.com/OWASP/CheatSheetSeries/pull/1371" rel="alternate"/><published>2024-04-13T20:08:11+00:00</published></entry><entry><id>https://github.com/OWASP/CheatSheetSeries/pull/1374</id><title>Implement #1373: Document Relaxed `__Secure-` Cookie Prefix</title><updated>2024-04-23T09:02:12+00:00</updated><link href="https://github.com/OWASP/CheatSheetSeries/pull/1374" rel="self"/><link href="https://github.com/OWASP/CheatSheetSeries/pull/1374" rel="alternate"/><published>2024-04-23T09:02:12+00:00</published></entry><entry><id>https://github.com/OWASP/CheatSheetSeries/pull/1377</id><title>Python deserialization black-box approach.md</title><updated>2024-05-04T10:10:09+00:00</updated><link href="https://github.com/OWASP/CheatSheetSeries/pull/1377" rel="self"/><link href="https://github.com/OWASP/CheatSheetSeries/pull/1377" rel="alternate"/><published>2024-05-04T10:10:09+00:00</published></entry><entry><id>https://github.com/OWASP/CheatSheetSeries/pull/1378</id><title>Change max password length to at least 64 characters</title><updated>2024-04-13T20:13:03+00:00</updated><link href="https://github.com/OWASP/CheatSheetSeries/pull/1378" rel="self"/><link href="https://github.com/OWASP/CheatSheetSeries/pull/1378" rel="alternate"/><published>2024-04-13T20:13:03+00:00</published></entry><entry><id>https://github.com/OWASP/CheatSheetSeries/pull/1380</id><title>Update Deserialization_Cheat_Sheet.md</title><updated>2024-04-15T03:25:25+00:00</updated><link href="https://github.com/OWASP/CheatSheetSeries/pull/1380" rel="self"/><link href="https://github.com/OWASP/CheatSheetSeries/pull/1380" rel="alternate"/><published>2024-04-15T03:25:25+00:00</published></entry><entry><id>https://github.com/OWASP/CheatSheetSeries/pull/1381</id><title>Fix openssl dhparam example command</title><updated>2024-04-15T16:24:42+00:00</updated><link href="https://github.com/OWASP/CheatSheetSeries/pull/1381" rel="self"/><link href="https://github.com/OWASP/CheatSheetSeries/pull/1381" rel="alternate"/><published>2024-04-15T16:24:42+00:00</published></entry><entry><id>https://github.com/OWASP/CheatSheetSeries/pull/1382</id><title>Re-added OWASP pytm</title><updated>2024-04-15T16:24:24+00:00</updated><link href="https://github.com/OWASP/CheatSheetSeries/pull/1382" rel="self"/><link href="https://github.com/OWASP/CheatSheetSeries/pull/1382" rel="alternate"/><published>2024-04-15T16:24:24+00:00</published></entry><entry><id>https://github.com/OWASP/CheatSheetSeries/pull/1383</id><title>FIX: Broken URL in REST_Assessment_Cheat_Sheet.md</title><updated>2024-04-16T13:05:40+00:00</updated><link href="https://github.com/OWASP/CheatSheetSeries/pull/1383" rel="self"/><link href="https://github.com/OWASP/CheatSheetSeries/pull/1383" rel="alternate"/><published>2024-04-16T13:05:40+00:00</published></entry><entry><id>https://github.com/OWASP/CheatSheetSeries/pull/1384</id><title>Symfony_Cheat_Sheet.md spelling and grammar tweaks</title><updated>2024-04-22T09:01:05+00:00</updated><link href="https://github.com/OWASP/CheatSheetSeries/pull/1384" rel="self"/><link href="https://github.com/OWASP/CheatSheetSeries/pull/1384" rel="alternate"/><published>2024-04-22T09:01:05+00:00</published></entry><entry><id>https://github.com/OWASP/CheatSheetSeries/pull/1385</id><title>spelling fix - Update Cross-Site_Request_Forgery_Prevention_Cheat_She…</title><updated>2024-04-17T12:59:47+00:00</updated><link href="https://github.com/OWASP/CheatSheetSeries/pull/1385" rel="self"/><link href="https://github.com/OWASP/CheatSheetSeries/pull/1385" rel="alternate"/><published>2024-04-17T12:59:47+00:00</published></entry><entry><id>https://github.com/OWASP/CheatSheetSeries/pull/1386</id><title>Fix bulleting</title><updated>2024-04-17T12:57:10+00:00</updated><link href="https://github.com/OWASP/CheatSheetSeries/pull/1386" rel="self"/><link href="https://github.com/OWASP/CheatSheetSeries/pull/1386" rel="alternate"/><published>2024-04-17T12:57:10+00:00</published></entry><entry><id>https://github.com/OWASP/CheatSheetSeries/pull/1389</id><title>CSRF Prevention: fixing chapter's title</title><updated>2024-04-23T19:27:55+00:00</updated><link href="https://github.com/OWASP/CheatSheetSeries/pull/1389" rel="self"/><link href="https://github.com/OWASP/CheatSheetSeries/pull/1389" rel="alternate"/><published>2024-04-23T19:27:55+00:00</published></entry><entry><id>https://github.com/OWASP/CheatSheetSeries/pull/1390</id><title>Idna/Jinja update to reduce vulns</title><updated>2024-05-04T10:09:31+00:00</updated><link href="https://github.com/OWASP/CheatSheetSeries/pull/1390" rel="self"/><link href="https://github.com/OWASP/CheatSheetSeries/pull/1390" rel="alternate"/><published>2024-05-04T10:09:31+00:00</published></entry><entry><id>https://github.com/OWASP/CheatSheetSeries/pull/1391</id><title>Mention other popular frameworks' unsafe functions.</title><updated>2024-04-23T19:28:19+00:00</updated><link href="https://github.com/OWASP/CheatSheetSeries/pull/1391" rel="self"/><link href="https://github.com/OWASP/CheatSheetSeries/pull/1391" rel="alternate"/><published>2024-04-23T19:28:19+00:00</published></entry><entry><id>https://github.com/OWASP/CheatSheetSeries/pull/1392</id><title>Documentation grammar and typo fixes</title><updated>2024-04-24T20:29:44+00:00</updated><link href="https://github.com/OWASP/CheatSheetSeries/pull/1392" rel="self"/><link href="https://github.com/OWASP/CheatSheetSeries/pull/1392" rel="alternate"/><published>2024-04-24T20:29:44+00:00</published></entry><entry><id>https://github.com/OWASP/CheatSheetSeries/pull/1393</id><title>Update Docker_Security_Cheat_Sheet.md</title><updated>2024-04-28T11:59:11+00:00</updated><link href="https://github.com/OWASP/CheatSheetSeries/pull/1393" rel="self"/><link href="https://github.com/OWASP/CheatSheetSeries/pull/1393" rel="alternate"/><published>2024-04-28T11:59:11+00:00</published></entry><entry><id>https://github.com/OWASP/CheatSheetSeries/pull/1394</id><title>Add additional events which we are removing from ASVS</title><updated>2024-05-04T10:07:25+00:00</updated><link href="https://github.com/OWASP/CheatSheetSeries/pull/1394" rel="self"/><link href="https://github.com/OWASP/CheatSheetSeries/pull/1394" rel="alternate"/><published>2024-05-04T10:07:25+00:00</published></entry><entry><id>https://github.com/OWASP/CheatSheetSeries/pull/1396</id><title>grammar fix</title><updated>2024-05-03T13:28:33+00:00</updated><link href="https://github.com/OWASP/CheatSheetSeries/pull/1396" rel="self"/><link href="https://github.com/OWASP/CheatSheetSeries/pull/1396" rel="alternate"/><published>2024-05-03T13:28:33+00:00</published></entry><entry><id>https://github.com/OWASP/CheatSheetSeries/pull/1397</id><title>Fix typo in "Cross Site Scripting Prevention" cheat sheet</title><updated>2024-05-09T15:27:17+00:00</updated><link href="https://github.com/OWASP/CheatSheetSeries/pull/1397" rel="self"/><link href="https://github.com/OWASP/CheatSheetSeries/pull/1397" rel="alternate"/><published>2024-05-09T15:27:17+00:00</published></entry><entry><id>https://github.com/OWASP/CheatSheetSeries/pull/1398</id><title>Revert "Idna/Jinja update to reduce vulns"</title><updated>2024-05-09T13:26:06+00:00</updated><link href="https://github.com/OWASP/CheatSheetSeries/pull/1398" rel="self"/><link href="https://github.com/OWASP/CheatSheetSeries/pull/1398" rel="alternate"/><published>2024-05-09T13:26:06+00:00</published></entry><entry><id>https://github.com/OWASP/CheatSheetSeries/pull/1399</id><title>Update requirements.txt manually to fix idna and Jinja vulns</title><updated>2024-05-09T14:48:24+00:00</updated><link href="https://github.com/OWASP/CheatSheetSeries/pull/1399" rel="self"/><link href="https://github.com/OWASP/CheatSheetSeries/pull/1399" rel="alternate"/><published>2024-05-09T14:48:24+00:00</published></entry><entry><id>https://github.com/OWASP/CheatSheetSeries/pull/1400</id><title>Fixed typo in XSS cheat sheet</title><updated>2024-05-09T19:48:29+00:00</updated><link href="https://github.com/OWASP/CheatSheetSeries/pull/1400" rel="self"/><link href="https://github.com/OWASP/CheatSheetSeries/pull/1400" rel="alternate"/><published>2024-05-09T19:48:29+00:00</published></entry><entry><id>https://github.com/OWASP/CheatSheetSeries/pull/1403</id><title>Rlt change 5 - Fixed Transaction Authorization Cheat Sheet</title><updated>2024-05-12T03:56:39+00:00</updated><link href="https://github.com/OWASP/CheatSheetSeries/pull/1403" rel="self"/><link href="https://github.com/OWASP/CheatSheetSeries/pull/1403" rel="alternate"/><published>2024-05-12T03:56:39+00:00</published></entry><entry><id>https://github.com/OWASP/CheatSheetSeries/pull/1404</id><title>updated spelling error</title><updated>2024-05-17T14:12:54+00:00</updated><link href="https://github.com/OWASP/CheatSheetSeries/pull/1404" rel="self"/><link href="https://github.com/OWASP/CheatSheetSeries/pull/1404" rel="alternate"/><published>2024-05-17T14:12:54+00:00</published></entry><entry><id>https://github.com/OWASP/CheatSheetSeries/pull/1405</id><title>HTTP Headers: add 'always' to nginx and Apache config</title><updated>2024-05-23T09:28:34+00:00</updated><link href="https://github.com/OWASP/CheatSheetSeries/pull/1405" rel="self"/><link href="https://github.com/OWASP/CheatSheetSeries/pull/1405" rel="alternate"/><published>2024-05-23T09:28:34+00:00</published></entry><entry><id>https://github.com/OWASP/CheatSheetSeries/pull/1406</id><title>Fix typo in Symfony Cheat Sheet</title><updated>2024-05-23T09:28:16+00:00</updated><link href="https://github.com/OWASP/CheatSheetSeries/pull/1406" rel="self"/><link href="https://github.com/OWASP/CheatSheetSeries/pull/1406" rel="alternate"/><published>2024-05-23T09:28:16+00:00</published></entry><entry><id>https://github.com/OWASP/CheatSheetSeries/pull/1408</id><title>Update Transport_Layer_Security_Cheat_Sheet.md</title><updated>2024-05-23T09:27:57+00:00</updated><link href="https://github.com/OWASP/CheatSheetSeries/pull/1408" rel="self"/><link href="https://github.com/OWASP/CheatSheetSeries/pull/1408" rel="alternate"/><published>2024-05-23T09:27:57+00:00</published></entry></feed>