<?xml version='1.0' encoding='UTF-8'?>
<feed xmlns="http://www.w3.org/2005/Atom" xml:lang="en"><id>https://cheatsheetseries.owasp.org/</id><title>OWASP Cheat Sheet Series update</title><updated>2021-05-12T12:51:45+00:00</updated><author><name>Core team</name><email>dominique.righetto@owasp.org</email></author><link href="https://cheatsheetseries.owasp.org" rel="self"/><link href="https://github.com/OWASP/CheatSheetSeries" rel="alternate"/><generator uri="https://lkiesow.github.io/python-feedgen" version="0.9.0">python-feedgen</generator><icon>https://cheatsheetseries.owasp.org/gitbook/images/favicon.ico</icon><subtitle>List of the last updates on the content</subtitle><entry><id>https://github.com/OWASP/CheatSheetSeries/pull/536</id><title>Update Cross-Site_Request_Forgery_Prevention_Cheat_Sheet.md</title><updated>2021-02-05T17:59:30+00:00</updated><link href="https://github.com/OWASP/CheatSheetSeries/pull/536" rel="self"/><link href="https://github.com/OWASP/CheatSheetSeries/pull/536" rel="alternate"/><published>2021-02-05T17:59:30+00:00</published></entry><entry><id>https://github.com/OWASP/CheatSheetSeries/pull/538</id><title>Updated example code for limiting request size. #537</title><updated>2021-02-05T17:57:47+00:00</updated><link href="https://github.com/OWASP/CheatSheetSeries/pull/538" rel="self"/><link href="https://github.com/OWASP/CheatSheetSeries/pull/538" rel="alternate"/><published>2021-02-05T17:57:47+00:00</published></entry><entry><id>https://github.com/OWASP/CheatSheetSeries/pull/539</id><title>feat: added cc by sa license in footer</title><updated>2021-02-11T08:30:15+00:00</updated><link href="https://github.com/OWASP/CheatSheetSeries/pull/539" rel="self"/><link href="https://github.com/OWASP/CheatSheetSeries/pull/539" rel="alternate"/><published>2021-02-11T08:30:15+00:00</published></entry><entry><id>https://github.com/OWASP/CheatSheetSeries/pull/540</id><title>Update url referencing LINQ to XML</title><updated>2021-02-15T12:42:01+00:00</updated><link href="https://github.com/OWASP/CheatSheetSeries/pull/540" rel="self"/><link href="https://github.com/OWASP/CheatSheetSeries/pull/540" rel="alternate"/><published>2021-02-15T12:42:01+00:00</published></entry><entry><id>https://github.com/OWASP/CheatSheetSeries/pull/542</id><title>changing to allow and block list</title><updated>2021-03-10T00:43:28+00:00</updated><link href="https://github.com/OWASP/CheatSheetSeries/pull/542" rel="self"/><link href="https://github.com/OWASP/CheatSheetSeries/pull/542" rel="alternate"/><published>2021-03-10T00:43:28+00:00</published></entry><entry><id>https://github.com/OWASP/CheatSheetSeries/pull/545</id><title>build(deps): bump dependencies</title><updated>2021-02-22T12:48:03+00:00</updated><link href="https://github.com/OWASP/CheatSheetSeries/pull/545" rel="self"/><link href="https://github.com/OWASP/CheatSheetSeries/pull/545" rel="alternate"/><published>2021-02-22T12:48:03+00:00</published></entry><entry><id>https://github.com/OWASP/CheatSheetSeries/pull/547</id><title>docs(nodejs): spelling and grammar fixes</title><updated>2021-03-08T14:13:06+00:00</updated><link href="https://github.com/OWASP/CheatSheetSeries/pull/547" rel="self"/><link href="https://github.com/OWASP/CheatSheetSeries/pull/547" rel="alternate"/><published>2021-03-08T14:13:06+00:00</published></entry><entry><id>https://github.com/OWASP/CheatSheetSeries/pull/548</id><title>Revert "build(deps): bump dependencies"</title><updated>2021-02-23T09:32:20+00:00</updated><link href="https://github.com/OWASP/CheatSheetSeries/pull/548" rel="self"/><link href="https://github.com/OWASP/CheatSheetSeries/pull/548" rel="alternate"/><published>2021-02-23T09:32:20+00:00</published></entry><entry><id>https://github.com/OWASP/CheatSheetSeries/pull/550</id><title>build(deps): bump dependencies</title><updated>2021-03-02T10:01:33+00:00</updated><link href="https://github.com/OWASP/CheatSheetSeries/pull/550" rel="self"/><link href="https://github.com/OWASP/CheatSheetSeries/pull/550" rel="alternate"/><published>2021-03-02T10:01:33+00:00</published></entry><entry><id>https://github.com/OWASP/CheatSheetSeries/pull/551</id><title>Some grammar fixes and avoid concrete spreadsheet software mention</title><updated>2021-03-02T09:50:49+00:00</updated><link href="https://github.com/OWASP/CheatSheetSeries/pull/551" rel="self"/><link href="https://github.com/OWASP/CheatSheetSeries/pull/551" rel="alternate"/><published>2021-03-02T09:50:49+00:00</published></entry><entry><id>https://github.com/OWASP/CheatSheetSeries/pull/552</id><title>Light rewrite of CSP cheat sheet</title><updated>2021-03-10T00:45:54+00:00</updated><link href="https://github.com/OWASP/CheatSheetSeries/pull/552" rel="self"/><link href="https://github.com/OWASP/CheatSheetSeries/pull/552" rel="alternate"/><published>2021-03-10T00:45:54+00:00</published></entry><entry><id>https://github.com/OWASP/CheatSheetSeries/pull/553</id><title>Minor spelling fix</title><updated>2021-03-10T00:42:36+00:00</updated><link href="https://github.com/OWASP/CheatSheetSeries/pull/553" rel="self"/><link href="https://github.com/OWASP/CheatSheetSeries/pull/553" rel="alternate"/><published>2021-03-10T00:42:36+00:00</published></entry><entry><id>https://github.com/OWASP/CheatSheetSeries/pull/554</id><title>Updates XSS libraries from Microsoft</title><updated>2021-03-15T21:34:24+00:00</updated><link href="https://github.com/OWASP/CheatSheetSeries/pull/554" rel="self"/><link href="https://github.com/OWASP/CheatSheetSeries/pull/554" rel="alternate"/><published>2021-03-15T21:34:24+00:00</published></entry><entry><id>https://github.com/OWASP/CheatSheetSeries/pull/555</id><title>Fix minor grammatical errors</title><updated>2021-03-13T13:24:37+00:00</updated><link href="https://github.com/OWASP/CheatSheetSeries/pull/555" rel="self"/><link href="https://github.com/OWASP/CheatSheetSeries/pull/555" rel="alternate"/><published>2021-03-13T13:24:37+00:00</published></entry><entry><id>https://github.com/OWASP/CheatSheetSeries/pull/557</id><title>chore(cheatsheets): update language</title><updated>2021-03-15T21:34:45+00:00</updated><link href="https://github.com/OWASP/CheatSheetSeries/pull/557" rel="self"/><link href="https://github.com/OWASP/CheatSheetSeries/pull/557" rel="alternate"/><published>2021-03-15T21:34:45+00:00</published></entry><entry><id>https://github.com/OWASP/CheatSheetSeries/pull/558</id><title>chore(cheatsheets): update language</title><updated>2021-03-15T21:38:21+00:00</updated><link href="https://github.com/OWASP/CheatSheetSeries/pull/558" rel="self"/><link href="https://github.com/OWASP/CheatSheetSeries/pull/558" rel="alternate"/><published>2021-03-15T21:38:21+00:00</published></entry><entry><id>https://github.com/OWASP/CheatSheetSeries/pull/559</id><title>chore(cheatsheets_excluded): update language</title><updated>2021-03-15T21:38:12+00:00</updated><link href="https://github.com/OWASP/CheatSheetSeries/pull/559" rel="self"/><link href="https://github.com/OWASP/CheatSheetSeries/pull/559" rel="alternate"/><published>2021-03-15T21:38:12+00:00</published></entry><entry><id>https://github.com/OWASP/CheatSheetSeries/pull/560</id><title>chore(cheatsheets): update language</title><updated>2021-03-15T21:37:41+00:00</updated><link href="https://github.com/OWASP/CheatSheetSeries/pull/560" rel="self"/><link href="https://github.com/OWASP/CheatSheetSeries/pull/560" rel="alternate"/><published>2021-03-15T21:37:41+00:00</published></entry><entry><id>https://github.com/OWASP/CheatSheetSeries/pull/561</id><title>chore(cheatsheets): update language</title><updated>2021-03-15T21:38:05+00:00</updated><link href="https://github.com/OWASP/CheatSheetSeries/pull/561" rel="self"/><link href="https://github.com/OWASP/CheatSheetSeries/pull/561" rel="alternate"/><published>2021-03-15T21:38:05+00:00</published></entry><entry><id>https://github.com/OWASP/CheatSheetSeries/pull/562</id><title>chore(cheatsheets): update language</title><updated>2021-03-15T21:37:35+00:00</updated><link href="https://github.com/OWASP/CheatSheetSeries/pull/562" rel="self"/><link href="https://github.com/OWASP/CheatSheetSeries/pull/562" rel="alternate"/><published>2021-03-15T21:37:35+00:00</published></entry><entry><id>https://github.com/OWASP/CheatSheetSeries/pull/563</id><title>chore(cheatsheets): update language</title><updated>2021-03-15T21:37:29+00:00</updated><link href="https://github.com/OWASP/CheatSheetSeries/pull/563" rel="self"/><link href="https://github.com/OWASP/CheatSheetSeries/pull/563" rel="alternate"/><published>2021-03-15T21:37:29+00:00</published></entry><entry><id>https://github.com/OWASP/CheatSheetSeries/pull/564</id><title>chore(cheatsheets): update language</title><updated>2021-03-15T20:41:55+00:00</updated><link href="https://github.com/OWASP/CheatSheetSeries/pull/564" rel="self"/><link href="https://github.com/OWASP/CheatSheetSeries/pull/564" rel="alternate"/><published>2021-03-15T20:41:55+00:00</published></entry><entry><id>https://github.com/OWASP/CheatSheetSeries/pull/565</id><title>chore(cheatsheets): update language</title><updated>2021-03-15T21:37:03+00:00</updated><link href="https://github.com/OWASP/CheatSheetSeries/pull/565" rel="self"/><link href="https://github.com/OWASP/CheatSheetSeries/pull/565" rel="alternate"/><published>2021-03-15T21:37:03+00:00</published></entry><entry><id>https://github.com/OWASP/CheatSheetSeries/pull/566</id><title>chore(cheatsheets): update language</title><updated>2021-03-15T21:35:54+00:00</updated><link href="https://github.com/OWASP/CheatSheetSeries/pull/566" rel="self"/><link href="https://github.com/OWASP/CheatSheetSeries/pull/566" rel="alternate"/><published>2021-03-15T21:35:54+00:00</published></entry><entry><id>https://github.com/OWASP/CheatSheetSeries/pull/567</id><title>chore(cheatsheets): update language</title><updated>2021-03-15T21:35:39+00:00</updated><link href="https://github.com/OWASP/CheatSheetSeries/pull/567" rel="self"/><link href="https://github.com/OWASP/CheatSheetSeries/pull/567" rel="alternate"/><published>2021-03-15T21:35:39+00:00</published></entry><entry><id>https://github.com/OWASP/CheatSheetSeries/pull/568</id><title>chore(cheatsheets): update language</title><updated>2021-03-15T21:35:24+00:00</updated><link href="https://github.com/OWASP/CheatSheetSeries/pull/568" rel="self"/><link href="https://github.com/OWASP/CheatSheetSeries/pull/568" rel="alternate"/><published>2021-03-15T21:35:24+00:00</published></entry><entry><id>https://github.com/OWASP/CheatSheetSeries/pull/569</id><title>chore(cheatsheets): update language</title><updated>2021-03-15T21:35:15+00:00</updated><link href="https://github.com/OWASP/CheatSheetSeries/pull/569" rel="self"/><link href="https://github.com/OWASP/CheatSheetSeries/pull/569" rel="alternate"/><published>2021-03-15T21:35:15+00:00</published></entry><entry><id>https://github.com/OWASP/CheatSheetSeries/pull/570</id><title>chore(cheatsheets): update language</title><updated>2021-03-15T21:35:03+00:00</updated><link href="https://github.com/OWASP/CheatSheetSeries/pull/570" rel="self"/><link href="https://github.com/OWASP/CheatSheetSeries/pull/570" rel="alternate"/><published>2021-03-15T21:35:03+00:00</published></entry><entry><id>https://github.com/OWASP/CheatSheetSeries/pull/571</id><title>chore(cheatsheets): update language</title><updated>2021-03-15T21:33:48+00:00</updated><link href="https://github.com/OWASP/CheatSheetSeries/pull/571" rel="self"/><link href="https://github.com/OWASP/CheatSheetSeries/pull/571" rel="alternate"/><published>2021-03-15T21:33:48+00:00</published></entry><entry><id>https://github.com/OWASP/CheatSheetSeries/pull/572</id><title>chore(cheatsheets): update language</title><updated>2021-03-15T21:33:10+00:00</updated><link href="https://github.com/OWASP/CheatSheetSeries/pull/572" rel="self"/><link href="https://github.com/OWASP/CheatSheetSeries/pull/572" rel="alternate"/><published>2021-03-15T21:33:10+00:00</published></entry><entry><id>https://github.com/OWASP/CheatSheetSeries/pull/573</id><title>chore(cheatsheets): update language</title><updated>2021-03-15T21:32:58+00:00</updated><link href="https://github.com/OWASP/CheatSheetSeries/pull/573" rel="self"/><link href="https://github.com/OWASP/CheatSheetSeries/pull/573" rel="alternate"/><published>2021-03-15T21:32:58+00:00</published></entry><entry><id>https://github.com/OWASP/CheatSheetSeries/pull/574</id><title>chore(cheatsheets): update language</title><updated>2021-03-15T21:30:56+00:00</updated><link href="https://github.com/OWASP/CheatSheetSeries/pull/574" rel="self"/><link href="https://github.com/OWASP/CheatSheetSeries/pull/574" rel="alternate"/><published>2021-03-15T21:30:56+00:00</published></entry><entry><id>https://github.com/OWASP/CheatSheetSeries/pull/575</id><title>chore(cheatsheets): update language</title><updated>2021-03-15T21:30:35+00:00</updated><link href="https://github.com/OWASP/CheatSheetSeries/pull/575" rel="self"/><link href="https://github.com/OWASP/CheatSheetSeries/pull/575" rel="alternate"/><published>2021-03-15T21:30:35+00:00</published></entry><entry><id>https://github.com/OWASP/CheatSheetSeries/pull/576</id><title>chore(cheatsheets): update language</title><updated>2021-03-15T21:30:15+00:00</updated><link href="https://github.com/OWASP/CheatSheetSeries/pull/576" rel="self"/><link href="https://github.com/OWASP/CheatSheetSeries/pull/576" rel="alternate"/><published>2021-03-15T21:30:15+00:00</published></entry><entry><id>https://github.com/OWASP/CheatSheetSeries/pull/577</id><title>chore(cheatsheets): update language</title><updated>2021-03-15T21:30:01+00:00</updated><link href="https://github.com/OWASP/CheatSheetSeries/pull/577" rel="self"/><link href="https://github.com/OWASP/CheatSheetSeries/pull/577" rel="alternate"/><published>2021-03-15T21:30:01+00:00</published></entry><entry><id>https://github.com/OWASP/CheatSheetSeries/pull/578</id><title>chore(cheatsheets): update language</title><updated>2021-03-15T21:29:45+00:00</updated><link href="https://github.com/OWASP/CheatSheetSeries/pull/578" rel="self"/><link href="https://github.com/OWASP/CheatSheetSeries/pull/578" rel="alternate"/><published>2021-03-15T21:29:45+00:00</published></entry><entry><id>https://github.com/OWASP/CheatSheetSeries/pull/579</id><title>chore(cheatsheets): update language</title><updated>2021-03-15T21:22:34+00:00</updated><link href="https://github.com/OWASP/CheatSheetSeries/pull/579" rel="self"/><link href="https://github.com/OWASP/CheatSheetSeries/pull/579" rel="alternate"/><published>2021-03-15T21:22:34+00:00</published></entry><entry><id>https://github.com/OWASP/CheatSheetSeries/pull/580</id><title>chore(cheatsheets): update language</title><updated>2021-03-15T21:22:24+00:00</updated><link href="https://github.com/OWASP/CheatSheetSeries/pull/580" rel="self"/><link href="https://github.com/OWASP/CheatSheetSeries/pull/580" rel="alternate"/><published>2021-03-15T21:22:24+00:00</published></entry><entry><id>https://github.com/OWASP/CheatSheetSeries/pull/581</id><title>chore(cheatsheets): update language</title><updated>2021-03-15T20:47:16+00:00</updated><link href="https://github.com/OWASP/CheatSheetSeries/pull/581" rel="self"/><link href="https://github.com/OWASP/CheatSheetSeries/pull/581" rel="alternate"/><published>2021-03-15T20:47:16+00:00</published></entry><entry><id>https://github.com/OWASP/CheatSheetSeries/pull/582</id><title>chore(cheatsheets): update language</title><updated>2021-03-15T20:47:07+00:00</updated><link href="https://github.com/OWASP/CheatSheetSeries/pull/582" rel="self"/><link href="https://github.com/OWASP/CheatSheetSeries/pull/582" rel="alternate"/><published>2021-03-15T20:47:07+00:00</published></entry><entry><id>https://github.com/OWASP/CheatSheetSeries/pull/583</id><title>chore(cheatsheets): update language</title><updated>2021-03-15T20:43:23+00:00</updated><link href="https://github.com/OWASP/CheatSheetSeries/pull/583" rel="self"/><link href="https://github.com/OWASP/CheatSheetSeries/pull/583" rel="alternate"/><published>2021-03-15T20:43:23+00:00</published></entry><entry><id>https://github.com/OWASP/CheatSheetSeries/pull/584</id><title>chore(cheatsheets): update language</title><updated>2021-03-15T20:43:13+00:00</updated><link href="https://github.com/OWASP/CheatSheetSeries/pull/584" rel="self"/><link href="https://github.com/OWASP/CheatSheetSeries/pull/584" rel="alternate"/><published>2021-03-15T20:43:13+00:00</published></entry><entry><id>https://github.com/OWASP/CheatSheetSeries/pull/585</id><title>chore(cheatsheets): update language</title><updated>2021-03-15T20:42:58+00:00</updated><link href="https://github.com/OWASP/CheatSheetSeries/pull/585" rel="self"/><link href="https://github.com/OWASP/CheatSheetSeries/pull/585" rel="alternate"/><published>2021-03-15T20:42:58+00:00</published></entry><entry><id>https://github.com/OWASP/CheatSheetSeries/pull/586</id><title>chore(cheatsheets): update language</title><updated>2021-03-15T20:42:37+00:00</updated><link href="https://github.com/OWASP/CheatSheetSeries/pull/586" rel="self"/><link href="https://github.com/OWASP/CheatSheetSeries/pull/586" rel="alternate"/><published>2021-03-15T20:42:37+00:00</published></entry><entry><id>https://github.com/OWASP/CheatSheetSeries/pull/587</id><title>chore(cheatsheets): update language</title><updated>2021-03-15T20:42:21+00:00</updated><link href="https://github.com/OWASP/CheatSheetSeries/pull/587" rel="self"/><link href="https://github.com/OWASP/CheatSheetSeries/pull/587" rel="alternate"/><published>2021-03-15T20:42:21+00:00</published></entry><entry><id>https://github.com/OWASP/CheatSheetSeries/pull/588</id><title>chore(cheatsheets): update language</title><updated>2021-03-15T20:42:06+00:00</updated><link href="https://github.com/OWASP/CheatSheetSeries/pull/588" rel="self"/><link href="https://github.com/OWASP/CheatSheetSeries/pull/588" rel="alternate"/><published>2021-03-15T20:42:06+00:00</published></entry><entry><id>https://github.com/OWASP/CheatSheetSeries/pull/589</id><title>chore(cheatsheets): update language</title><updated>2021-03-15T20:41:41+00:00</updated><link href="https://github.com/OWASP/CheatSheetSeries/pull/589" rel="self"/><link href="https://github.com/OWASP/CheatSheetSeries/pull/589" rel="alternate"/><published>2021-03-15T20:41:41+00:00</published></entry><entry><id>https://github.com/OWASP/CheatSheetSeries/pull/590</id><title>chore(cheatsheets): update language</title><updated>2021-03-15T20:41:27+00:00</updated><link href="https://github.com/OWASP/CheatSheetSeries/pull/590" rel="self"/><link href="https://github.com/OWASP/CheatSheetSeries/pull/590" rel="alternate"/><published>2021-03-15T20:41:27+00:00</published></entry><entry><id>https://github.com/OWASP/CheatSheetSeries/pull/591</id><title>chore(cheatsheets): update language</title><updated>2021-03-15T20:41:10+00:00</updated><link href="https://github.com/OWASP/CheatSheetSeries/pull/591" rel="self"/><link href="https://github.com/OWASP/CheatSheetSeries/pull/591" rel="alternate"/><published>2021-03-15T20:41:10+00:00</published></entry><entry><id>https://github.com/OWASP/CheatSheetSeries/pull/592</id><title>chore(cheatsheets): update language</title><updated>2021-03-15T20:40:57+00:00</updated><link href="https://github.com/OWASP/CheatSheetSeries/pull/592" rel="self"/><link href="https://github.com/OWASP/CheatSheetSeries/pull/592" rel="alternate"/><published>2021-03-15T20:40:57+00:00</published></entry><entry><id>https://github.com/OWASP/CheatSheetSeries/pull/593</id><title>chore(cheatsheets): update language</title><updated>2021-03-15T20:40:44+00:00</updated><link href="https://github.com/OWASP/CheatSheetSeries/pull/593" rel="self"/><link href="https://github.com/OWASP/CheatSheetSeries/pull/593" rel="alternate"/><published>2021-03-15T20:40:44+00:00</published></entry><entry><id>https://github.com/OWASP/CheatSheetSeries/pull/594</id><title>cheatsheets/Microservices_security.md: made first letter of TOC links lowercase</title><updated>2021-03-16T16:19:04+00:00</updated><link href="https://github.com/OWASP/CheatSheetSeries/pull/594" rel="self"/><link href="https://github.com/OWASP/CheatSheetSeries/pull/594" rel="alternate"/><published>2021-03-16T16:19:04+00:00</published></entry><entry><id>https://github.com/OWASP/CheatSheetSeries/pull/596</id><title>Updates to pw storage cheatsheet</title><updated>2021-03-17T08:21:41+00:00</updated><link href="https://github.com/OWASP/CheatSheetSeries/pull/596" rel="self"/><link href="https://github.com/OWASP/CheatSheetSeries/pull/596" rel="alternate"/><published>2021-03-17T08:21:41+00:00</published></entry><entry><id>https://github.com/OWASP/CheatSheetSeries/pull/597</id><title>Update advice about hashing long passwords with PBKDF2</title><updated>2021-03-18T14:13:20+00:00</updated><link href="https://github.com/OWASP/CheatSheetSeries/pull/597" rel="self"/><link href="https://github.com/OWASP/CheatSheetSeries/pull/597" rel="alternate"/><published>2021-03-18T14:13:20+00:00</published></entry><entry><id>https://github.com/OWASP/CheatSheetSeries/pull/598</id><title>Fix wording after rework of bcrypt advice</title><updated>2021-03-18T15:19:08+00:00</updated><link href="https://github.com/OWASP/CheatSheetSeries/pull/598" rel="self"/><link href="https://github.com/OWASP/CheatSheetSeries/pull/598" rel="alternate"/><published>2021-03-18T15:19:08+00:00</published></entry><entry><id>https://github.com/OWASP/CheatSheetSeries/pull/600</id><title>fixes small typo</title><updated>2021-03-19T21:15:01+00:00</updated><link href="https://github.com/OWASP/CheatSheetSeries/pull/600" rel="self"/><link href="https://github.com/OWASP/CheatSheetSeries/pull/600" rel="alternate"/><published>2021-03-19T21:15:01+00:00</published></entry><entry><id>https://github.com/OWASP/CheatSheetSeries/pull/602</id><title>Remove extraneous 'Table of contents'</title><updated>2021-03-22T00:02:47+00:00</updated><link href="https://github.com/OWASP/CheatSheetSeries/pull/602" rel="self"/><link href="https://github.com/OWASP/CheatSheetSeries/pull/602" rel="alternate"/><published>2021-03-22T00:02:47+00:00</published></entry><entry><id>https://github.com/OWASP/CheatSheetSeries/pull/604</id><title>Update Password_Storage_Cheat_Sheet.md</title><updated>2021-03-22T12:14:14+00:00</updated><link href="https://github.com/OWASP/CheatSheetSeries/pull/604" rel="self"/><link href="https://github.com/OWASP/CheatSheetSeries/pull/604" rel="alternate"/><published>2021-03-22T12:14:14+00:00</published></entry><entry><id>https://github.com/OWASP/CheatSheetSeries/pull/605</id><title>Update Password_Storage_Cheat_Sheet.md</title><updated>2021-03-22T13:26:38+00:00</updated><link href="https://github.com/OWASP/CheatSheetSeries/pull/605" rel="self"/><link href="https://github.com/OWASP/CheatSheetSeries/pull/605" rel="alternate"/><published>2021-03-22T13:26:38+00:00</published></entry><entry><id>https://github.com/OWASP/CheatSheetSeries/pull/606</id><title>Update Password_Storage_Cheat_Sheet.md</title><updated>2021-03-22T13:40:44+00:00</updated><link href="https://github.com/OWASP/CheatSheetSeries/pull/606" rel="self"/><link href="https://github.com/OWASP/CheatSheetSeries/pull/606" rel="alternate"/><published>2021-03-22T13:40:44+00:00</published></entry><entry><id>https://github.com/OWASP/CheatSheetSeries/pull/607</id><title>Update Password_Storage_Cheat_Sheet.md</title><updated>2021-03-22T14:21:17+00:00</updated><link href="https://github.com/OWASP/CheatSheetSeries/pull/607" rel="self"/><link href="https://github.com/OWASP/CheatSheetSeries/pull/607" rel="alternate"/><published>2021-03-22T14:21:17+00:00</published></entry><entry><id>https://github.com/OWASP/CheatSheetSeries/pull/610</id><title>added an international character section and section to provide guida…</title><updated>2021-03-23T13:04:00+00:00</updated><link href="https://github.com/OWASP/CheatSheetSeries/pull/610" rel="self"/><link href="https://github.com/OWASP/CheatSheetSeries/pull/610" rel="alternate"/><published>2021-03-23T13:04:00+00:00</published></entry><entry><id>https://github.com/OWASP/CheatSheetSeries/pull/612</id><title>Update Password_Storage_Cheat_Sheet.md</title><updated>2021-03-24T14:19:22+00:00</updated><link href="https://github.com/OWASP/CheatSheetSeries/pull/612" rel="self"/><link href="https://github.com/OWASP/CheatSheetSeries/pull/612" rel="alternate"/><published>2021-03-24T14:19:22+00:00</published></entry><entry><id>https://github.com/OWASP/CheatSheetSeries/pull/613</id><title>Correct minor grammar mistakes</title><updated>2021-03-24T21:53:08+00:00</updated><link href="https://github.com/OWASP/CheatSheetSeries/pull/613" rel="self"/><link href="https://github.com/OWASP/CheatSheetSeries/pull/613" rel="alternate"/><published>2021-03-24T21:53:08+00:00</published></entry><entry><id>https://github.com/OWASP/CheatSheetSeries/pull/614</id><title>Not installing security updates is bad advice</title><updated>2021-03-24T21:52:06+00:00</updated><link href="https://github.com/OWASP/CheatSheetSeries/pull/614" rel="self"/><link href="https://github.com/OWASP/CheatSheetSeries/pull/614" rel="alternate"/><published>2021-03-24T21:52:06+00:00</published></entry><entry><id>https://github.com/OWASP/CheatSheetSeries/pull/615</id><title>Update Password_Storage_Cheat_Sheet.md</title><updated>2021-03-25T13:49:19+00:00</updated><link href="https://github.com/OWASP/CheatSheetSeries/pull/615" rel="self"/><link href="https://github.com/OWASP/CheatSheetSeries/pull/615" rel="alternate"/><published>2021-03-25T13:49:19+00:00</published></entry><entry><id>https://github.com/OWASP/CheatSheetSeries/pull/616</id><title>Update Password_Storage_Cheat_Sheet.md</title><updated>2021-03-25T14:45:59+00:00</updated><link href="https://github.com/OWASP/CheatSheetSeries/pull/616" rel="self"/><link href="https://github.com/OWASP/CheatSheetSeries/pull/616" rel="alternate"/><published>2021-03-25T14:45:59+00:00</published></entry><entry><id>https://github.com/OWASP/CheatSheetSeries/pull/617</id><title>Update Password_Storage_Cheat_Sheet.md</title><updated>2021-03-25T15:08:07+00:00</updated><link href="https://github.com/OWASP/CheatSheetSeries/pull/617" rel="self"/><link href="https://github.com/OWASP/CheatSheetSeries/pull/617" rel="alternate"/><published>2021-03-25T15:08:07+00:00</published></entry><entry><id>https://github.com/OWASP/CheatSheetSeries/pull/621</id><title>Add details about new way to pin on iOS</title><updated>2021-03-30T16:02:26+00:00</updated><link href="https://github.com/OWASP/CheatSheetSeries/pull/621" rel="self"/><link href="https://github.com/OWASP/CheatSheetSeries/pull/621" rel="alternate"/><published>2021-03-30T16:02:26+00:00</published></entry><entry><id>https://github.com/OWASP/CheatSheetSeries/pull/622</id><title>Updated API server Authentication section</title><updated>2021-03-30T23:03:49+00:00</updated><link href="https://github.com/OWASP/CheatSheetSeries/pull/622" rel="self"/><link href="https://github.com/OWASP/CheatSheetSeries/pull/622" rel="alternate"/><published>2021-03-30T23:03:49+00:00</published></entry><entry><id>https://github.com/OWASP/CheatSheetSeries/pull/624</id><title>added recommendations around auth and dashboard</title><updated>2021-03-31T21:40:15+00:00</updated><link href="https://github.com/OWASP/CheatSheetSeries/pull/624" rel="self"/><link href="https://github.com/OWASP/CheatSheetSeries/pull/624" rel="alternate"/><published>2021-03-31T21:40:15+00:00</published></entry><entry><id>https://github.com/OWASP/CheatSheetSeries/pull/625</id><title>Fix typos in Session_Management_Cheat_Sheet.md</title><updated>2021-04-01T12:36:11+00:00</updated><link href="https://github.com/OWASP/CheatSheetSeries/pull/625" rel="self"/><link href="https://github.com/OWASP/CheatSheetSeries/pull/625" rel="alternate"/><published>2021-04-01T12:36:11+00:00</published></entry><entry><id>https://github.com/OWASP/CheatSheetSeries/pull/626</id><title>Clarify DOM-based XSS Guildeline 6</title><updated>2021-04-02T02:20:07+00:00</updated><link href="https://github.com/OWASP/CheatSheetSeries/pull/626" rel="self"/><link href="https://github.com/OWASP/CheatSheetSeries/pull/626" rel="alternate"/><published>2021-04-02T02:20:07+00:00</published></entry><entry><id>https://github.com/OWASP/CheatSheetSeries/pull/627</id><title>Update minimal base image section</title><updated>2021-04-04T15:33:46+00:00</updated><link href="https://github.com/OWASP/CheatSheetSeries/pull/627" rel="self"/><link href="https://github.com/OWASP/CheatSheetSeries/pull/627" rel="alternate"/><published>2021-04-04T15:33:46+00:00</published></entry><entry><id>https://github.com/OWASP/CheatSheetSeries/pull/628</id><title>Fix spelling error: genererated -&gt; generated</title><updated>2021-04-06T19:17:27+00:00</updated><link href="https://github.com/OWASP/CheatSheetSeries/pull/628" rel="self"/><link href="https://github.com/OWASP/CheatSheetSeries/pull/628" rel="alternate"/><published>2021-04-06T19:17:27+00:00</published></entry><entry><id>https://github.com/OWASP/CheatSheetSeries/pull/629</id><title>Updated, replaced problematic question requesting PII</title><updated>2021-04-07T14:21:03+00:00</updated><link href="https://github.com/OWASP/CheatSheetSeries/pull/629" rel="self"/><link href="https://github.com/OWASP/CheatSheetSeries/pull/629" rel="alternate"/><published>2021-04-07T14:21:03+00:00</published></entry><entry><id>https://github.com/OWASP/CheatSheetSeries/pull/632</id><title>Update Ruby_on_Rails_Cheat_Sheet.md</title><updated>2021-04-10T20:17:00+00:00</updated><link href="https://github.com/OWASP/CheatSheetSeries/pull/632" rel="self"/><link href="https://github.com/OWASP/CheatSheetSeries/pull/632" rel="alternate"/><published>2021-04-10T20:17:00+00:00</published></entry><entry><id>https://github.com/OWASP/CheatSheetSeries/pull/633</id><title>Update Choosing_and_Using_Security_Questions_Cheat_Sheet.md</title><updated>2021-04-10T20:26:48+00:00</updated><link href="https://github.com/OWASP/CheatSheetSeries/pull/633" rel="self"/><link href="https://github.com/OWASP/CheatSheetSeries/pull/633" rel="alternate"/><published>2021-04-10T20:26:48+00:00</published></entry><entry><id>https://github.com/OWASP/CheatSheetSeries/pull/634</id><title>Update Choosing_and_Using_Security_Questions_Cheat_Sheet.md</title><updated>2021-04-11T00:50:40+00:00</updated><link href="https://github.com/OWASP/CheatSheetSeries/pull/634" rel="self"/><link href="https://github.com/OWASP/CheatSheetSeries/pull/634" rel="alternate"/><published>2021-04-11T00:50:40+00:00</published></entry><entry><id>https://github.com/OWASP/CheatSheetSeries/pull/637</id><title>Update ESAPI4JS references for DOM_based_XSS_Prevention_Cheat_Sheet.md</title><updated>2021-04-21T13:33:53+00:00</updated><link href="https://github.com/OWASP/CheatSheetSeries/pull/637" rel="self"/><link href="https://github.com/OWASP/CheatSheetSeries/pull/637" rel="alternate"/><published>2021-04-21T13:33:53+00:00</published></entry><entry><id>https://github.com/OWASP/CheatSheetSeries/pull/639</id><title>Update Unvalidated_Redirects_and_Forwards_Cheat_Sheet.md</title><updated>2021-04-21T13:33:06+00:00</updated><link href="https://github.com/OWASP/CheatSheetSeries/pull/639" rel="self"/><link href="https://github.com/OWASP/CheatSheetSeries/pull/639" rel="alternate"/><published>2021-04-21T13:33:06+00:00</published></entry><entry><id>https://github.com/OWASP/CheatSheetSeries/pull/642</id><title>New Addition: Infrastructure as Code Security Cheatsheet</title><updated>2021-04-28T14:37:42+00:00</updated><link href="https://github.com/OWASP/CheatSheetSeries/pull/642" rel="self"/><link href="https://github.com/OWASP/CheatSheetSeries/pull/642" rel="alternate"/><published>2021-04-28T14:37:42+00:00</published></entry><entry><id>https://github.com/OWASP/CheatSheetSeries/pull/646</id><title>simplify xss rule #2</title><updated>2021-04-29T18:30:33+00:00</updated><link href="https://github.com/OWASP/CheatSheetSeries/pull/646" rel="self"/><link href="https://github.com/OWASP/CheatSheetSeries/pull/646" rel="alternate"/><published>2021-04-29T18:30:33+00:00</published></entry><entry><id>https://github.com/OWASP/CheatSheetSeries/pull/647</id><title>Revert "New Addition: Infrastructure as Code Security Cheatsheet"</title><updated>2021-04-29T07:48:34+00:00</updated><link href="https://github.com/OWASP/CheatSheetSeries/pull/647" rel="self"/><link href="https://github.com/OWASP/CheatSheetSeries/pull/647" rel="alternate"/><published>2021-04-29T07:48:34+00:00</published></entry><entry><id>https://github.com/OWASP/CheatSheetSeries/pull/650</id><title>Update links in Content_Security_Policy_Cheat_Sheet</title><updated>2021-04-30T13:58:26+00:00</updated><link href="https://github.com/OWASP/CheatSheetSeries/pull/650" rel="self"/><link href="https://github.com/OWASP/CheatSheetSeries/pull/650" rel="alternate"/><published>2021-04-30T13:58:26+00:00</published></entry><entry><id>https://github.com/OWASP/CheatSheetSeries/pull/651</id><title>[NEW] Application Logging Vocabulary Cheat Sheet </title><updated>2021-05-02T16:52:26+00:00</updated><link href="https://github.com/OWASP/CheatSheetSeries/pull/651" rel="self"/><link href="https://github.com/OWASP/CheatSheetSeries/pull/651" rel="alternate"/><published>2021-05-02T16:52:26+00:00</published></entry><entry><id>https://github.com/OWASP/CheatSheetSeries/pull/653</id><title>node.js cheat sheet - Add async/await and rework callback hell, swap retire with npm audit, and small fixes on linting section</title><updated>2021-05-04T11:22:51+00:00</updated><link href="https://github.com/OWASP/CheatSheetSeries/pull/653" rel="self"/><link href="https://github.com/OWASP/CheatSheetSeries/pull/653" rel="alternate"/><published>2021-05-04T11:22:51+00:00</published></entry><entry><id>https://github.com/OWASP/CheatSheetSeries/pull/655</id><title>Adds some examples to show why input validation is important</title><updated>2021-05-04T17:25:01+00:00</updated><link href="https://github.com/OWASP/CheatSheetSeries/pull/655" rel="self"/><link href="https://github.com/OWASP/CheatSheetSeries/pull/655" rel="alternate"/><published>2021-05-04T17:25:01+00:00</published></entry><entry><id>https://github.com/OWASP/CheatSheetSeries/pull/656</id><title>Update Cross-Site_Request_Forgery_Prevention_Cheat_Sheet.md</title><updated>2021-05-06T17:06:04+00:00</updated><link href="https://github.com/OWASP/CheatSheetSeries/pull/656" rel="self"/><link href="https://github.com/OWASP/CheatSheetSeries/pull/656" rel="alternate"/><published>2021-05-06T17:06:04+00:00</published></entry><entry><id>https://github.com/OWASP/CheatSheetSeries/pull/657</id><title>docs: adding attribution of original work</title><updated>2021-05-06T17:05:48+00:00</updated><link href="https://github.com/OWASP/CheatSheetSeries/pull/657" rel="self"/><link href="https://github.com/OWASP/CheatSheetSeries/pull/657" rel="alternate"/><published>2021-05-06T17:05:48+00:00</published></entry><entry><id>https://github.com/OWASP/CheatSheetSeries/pull/658</id><title>Promote NodeJS_Docker_CheatSheet</title><updated>2021-05-09T13:02:44+00:00</updated><link href="https://github.com/OWASP/CheatSheetSeries/pull/658" rel="self"/><link href="https://github.com/OWASP/CheatSheetSeries/pull/658" rel="alternate"/><published>2021-05-09T13:02:44+00:00</published></entry><entry><id>https://github.com/OWASP/CheatSheetSeries/pull/663</id><title>Promote Application Logging Vocabulary CS</title><updated>2021-05-12T12:50:42+00:00</updated><link href="https://github.com/OWASP/CheatSheetSeries/pull/663" rel="self"/><link href="https://github.com/OWASP/CheatSheetSeries/pull/663" rel="alternate"/><published>2021-05-12T12:50:42+00:00</published></entry><entry><id>https://github.com/OWASP/CheatSheetSeries/pull/664</id><title>Fix formatting in the CSRF mitigation doc</title><updated>2021-05-12T11:53:22+00:00</updated><link href="https://github.com/OWASP/CheatSheetSeries/pull/664" rel="self"/><link href="https://github.com/OWASP/CheatSheetSeries/pull/664" rel="alternate"/><published>2021-05-12T11:53:22+00:00</published></entry></feed>