<?xml version='1.0' encoding='UTF-8'?>
<feed xmlns="http://www.w3.org/2005/Atom" xml:lang="en"><id>https://cheatsheetseries.owasp.org/</id><title>OWASP Cheat Sheet Series update</title><updated>2024-10-01T13:12:34+00:00</updated><author><name>Core team</name><email>dominique.righetto@owasp.org</email></author><link href="https://cheatsheetseries.owasp.org" rel="self"/><link href="https://github.com/OWASP/CheatSheetSeries" rel="alternate"/><generator uri="https://lkiesow.github.io/python-feedgen" version="0.9.0">python-feedgen</generator><icon>https://cheatsheetseries.owasp.org/gitbook/images/favicon.ico</icon><subtitle>List of the last updates on the content</subtitle><entry><id>https://github.com/OWASP/CheatSheetSeries/pull/1367</id><title>change broken link to webarchive link</title><updated>2024-04-02T11:12:02+00:00</updated><link href="https://github.com/OWASP/CheatSheetSeries/pull/1367" rel="self"/><link href="https://github.com/OWASP/CheatSheetSeries/pull/1367" rel="alternate"/><published>2024-04-02T11:12:02+00:00</published></entry><entry><id>https://github.com/OWASP/CheatSheetSeries/pull/1368</id><title>Update Threat_Modeling_Cheat_Sheet.md</title><updated>2024-04-02T16:42:27+00:00</updated><link href="https://github.com/OWASP/CheatSheetSeries/pull/1368" rel="self"/><link href="https://github.com/OWASP/CheatSheetSeries/pull/1368" rel="alternate"/><published>2024-04-02T16:42:27+00:00</published></entry><entry><id>https://github.com/OWASP/CheatSheetSeries/pull/1369</id><title>Replacing dead link with a similar article</title><updated>2024-04-02T11:02:36+00:00</updated><link href="https://github.com/OWASP/CheatSheetSeries/pull/1369" rel="self"/><link href="https://github.com/OWASP/CheatSheetSeries/pull/1369" rel="alternate"/><published>2024-04-02T11:02:36+00:00</published></entry><entry><id>https://github.com/OWASP/CheatSheetSeries/pull/1370</id><title>CI/CD Security Cheatsheet | fix typo "o" --&gt; "of" &amp;&amp; "enviornment" --&gt; "environment"</title><updated>2024-04-03T17:47:40+00:00</updated><link href="https://github.com/OWASP/CheatSheetSeries/pull/1370" rel="self"/><link href="https://github.com/OWASP/CheatSheetSeries/pull/1370" rel="alternate"/><published>2024-04-03T17:47:40+00:00</published></entry><entry><id>https://github.com/OWASP/CheatSheetSeries/pull/1371</id><title>NodeJS_Docker_Cheat_Sheet: remove backslashes from _ and []</title><updated>2024-04-13T20:08:11+00:00</updated><link href="https://github.com/OWASP/CheatSheetSeries/pull/1371" rel="self"/><link href="https://github.com/OWASP/CheatSheetSeries/pull/1371" rel="alternate"/><published>2024-04-13T20:08:11+00:00</published></entry><entry><id>https://github.com/OWASP/CheatSheetSeries/pull/1374</id><title>Implement #1373: Document Relaxed `__Secure-` Cookie Prefix</title><updated>2024-04-23T09:02:12+00:00</updated><link href="https://github.com/OWASP/CheatSheetSeries/pull/1374" rel="self"/><link href="https://github.com/OWASP/CheatSheetSeries/pull/1374" rel="alternate"/><published>2024-04-23T09:02:12+00:00</published></entry><entry><id>https://github.com/OWASP/CheatSheetSeries/pull/1377</id><title>Python deserialization black-box approach.md</title><updated>2024-05-04T10:10:09+00:00</updated><link href="https://github.com/OWASP/CheatSheetSeries/pull/1377" rel="self"/><link href="https://github.com/OWASP/CheatSheetSeries/pull/1377" rel="alternate"/><published>2024-05-04T10:10:09+00:00</published></entry><entry><id>https://github.com/OWASP/CheatSheetSeries/pull/1378</id><title>Change max password length to at least 64 characters</title><updated>2024-04-13T20:13:03+00:00</updated><link href="https://github.com/OWASP/CheatSheetSeries/pull/1378" rel="self"/><link href="https://github.com/OWASP/CheatSheetSeries/pull/1378" rel="alternate"/><published>2024-04-13T20:13:03+00:00</published></entry><entry><id>https://github.com/OWASP/CheatSheetSeries/pull/1380</id><title>Update Deserialization_Cheat_Sheet.md</title><updated>2024-04-15T03:25:25+00:00</updated><link href="https://github.com/OWASP/CheatSheetSeries/pull/1380" rel="self"/><link href="https://github.com/OWASP/CheatSheetSeries/pull/1380" rel="alternate"/><published>2024-04-15T03:25:25+00:00</published></entry><entry><id>https://github.com/OWASP/CheatSheetSeries/pull/1381</id><title>Fix openssl dhparam example command</title><updated>2024-04-15T16:24:42+00:00</updated><link href="https://github.com/OWASP/CheatSheetSeries/pull/1381" rel="self"/><link href="https://github.com/OWASP/CheatSheetSeries/pull/1381" rel="alternate"/><published>2024-04-15T16:24:42+00:00</published></entry><entry><id>https://github.com/OWASP/CheatSheetSeries/pull/1382</id><title>Re-added OWASP pytm</title><updated>2024-04-15T16:24:24+00:00</updated><link href="https://github.com/OWASP/CheatSheetSeries/pull/1382" rel="self"/><link href="https://github.com/OWASP/CheatSheetSeries/pull/1382" rel="alternate"/><published>2024-04-15T16:24:24+00:00</published></entry><entry><id>https://github.com/OWASP/CheatSheetSeries/pull/1383</id><title>FIX: Broken URL in REST_Assessment_Cheat_Sheet.md</title><updated>2024-04-16T13:05:40+00:00</updated><link href="https://github.com/OWASP/CheatSheetSeries/pull/1383" rel="self"/><link href="https://github.com/OWASP/CheatSheetSeries/pull/1383" rel="alternate"/><published>2024-04-16T13:05:40+00:00</published></entry><entry><id>https://github.com/OWASP/CheatSheetSeries/pull/1384</id><title>Symfony_Cheat_Sheet.md spelling and grammar tweaks</title><updated>2024-04-22T09:01:05+00:00</updated><link href="https://github.com/OWASP/CheatSheetSeries/pull/1384" rel="self"/><link href="https://github.com/OWASP/CheatSheetSeries/pull/1384" rel="alternate"/><published>2024-04-22T09:01:05+00:00</published></entry><entry><id>https://github.com/OWASP/CheatSheetSeries/pull/1385</id><title>spelling fix - Update Cross-Site_Request_Forgery_Prevention_Cheat_She…</title><updated>2024-04-17T12:59:47+00:00</updated><link href="https://github.com/OWASP/CheatSheetSeries/pull/1385" rel="self"/><link href="https://github.com/OWASP/CheatSheetSeries/pull/1385" rel="alternate"/><published>2024-04-17T12:59:47+00:00</published></entry><entry><id>https://github.com/OWASP/CheatSheetSeries/pull/1386</id><title>Fix bulleting</title><updated>2024-04-17T12:57:10+00:00</updated><link href="https://github.com/OWASP/CheatSheetSeries/pull/1386" rel="self"/><link href="https://github.com/OWASP/CheatSheetSeries/pull/1386" rel="alternate"/><published>2024-04-17T12:57:10+00:00</published></entry><entry><id>https://github.com/OWASP/CheatSheetSeries/pull/1389</id><title>CSRF Prevention: fixing chapter's title</title><updated>2024-04-23T19:27:55+00:00</updated><link href="https://github.com/OWASP/CheatSheetSeries/pull/1389" rel="self"/><link href="https://github.com/OWASP/CheatSheetSeries/pull/1389" rel="alternate"/><published>2024-04-23T19:27:55+00:00</published></entry><entry><id>https://github.com/OWASP/CheatSheetSeries/pull/1390</id><title>Idna/Jinja update to reduce vulns</title><updated>2024-05-04T10:09:31+00:00</updated><link href="https://github.com/OWASP/CheatSheetSeries/pull/1390" rel="self"/><link href="https://github.com/OWASP/CheatSheetSeries/pull/1390" rel="alternate"/><published>2024-05-04T10:09:31+00:00</published></entry><entry><id>https://github.com/OWASP/CheatSheetSeries/pull/1391</id><title>Mention other popular frameworks' unsafe functions.</title><updated>2024-04-23T19:28:19+00:00</updated><link href="https://github.com/OWASP/CheatSheetSeries/pull/1391" rel="self"/><link href="https://github.com/OWASP/CheatSheetSeries/pull/1391" rel="alternate"/><published>2024-04-23T19:28:19+00:00</published></entry><entry><id>https://github.com/OWASP/CheatSheetSeries/pull/1392</id><title>Documentation grammar and typo fixes</title><updated>2024-04-24T20:29:44+00:00</updated><link href="https://github.com/OWASP/CheatSheetSeries/pull/1392" rel="self"/><link href="https://github.com/OWASP/CheatSheetSeries/pull/1392" rel="alternate"/><published>2024-04-24T20:29:44+00:00</published></entry><entry><id>https://github.com/OWASP/CheatSheetSeries/pull/1393</id><title>Update Docker_Security_Cheat_Sheet.md</title><updated>2024-04-28T11:59:11+00:00</updated><link href="https://github.com/OWASP/CheatSheetSeries/pull/1393" rel="self"/><link href="https://github.com/OWASP/CheatSheetSeries/pull/1393" rel="alternate"/><published>2024-04-28T11:59:11+00:00</published></entry><entry><id>https://github.com/OWASP/CheatSheetSeries/pull/1394</id><title>Add additional events which we are removing from ASVS</title><updated>2024-05-04T10:07:25+00:00</updated><link href="https://github.com/OWASP/CheatSheetSeries/pull/1394" rel="self"/><link href="https://github.com/OWASP/CheatSheetSeries/pull/1394" rel="alternate"/><published>2024-05-04T10:07:25+00:00</published></entry><entry><id>https://github.com/OWASP/CheatSheetSeries/pull/1396</id><title>grammar fix</title><updated>2024-05-03T13:28:33+00:00</updated><link href="https://github.com/OWASP/CheatSheetSeries/pull/1396" rel="self"/><link href="https://github.com/OWASP/CheatSheetSeries/pull/1396" rel="alternate"/><published>2024-05-03T13:28:33+00:00</published></entry><entry><id>https://github.com/OWASP/CheatSheetSeries/pull/1397</id><title>Fix typo in "Cross Site Scripting Prevention" cheat sheet</title><updated>2024-05-09T15:27:17+00:00</updated><link href="https://github.com/OWASP/CheatSheetSeries/pull/1397" rel="self"/><link href="https://github.com/OWASP/CheatSheetSeries/pull/1397" rel="alternate"/><published>2024-05-09T15:27:17+00:00</published></entry><entry><id>https://github.com/OWASP/CheatSheetSeries/pull/1398</id><title>Revert "Idna/Jinja update to reduce vulns"</title><updated>2024-05-09T13:26:06+00:00</updated><link href="https://github.com/OWASP/CheatSheetSeries/pull/1398" rel="self"/><link href="https://github.com/OWASP/CheatSheetSeries/pull/1398" rel="alternate"/><published>2024-05-09T13:26:06+00:00</published></entry><entry><id>https://github.com/OWASP/CheatSheetSeries/pull/1399</id><title>Update requirements.txt manually to fix idna and Jinja vulns</title><updated>2024-05-09T14:48:24+00:00</updated><link href="https://github.com/OWASP/CheatSheetSeries/pull/1399" rel="self"/><link href="https://github.com/OWASP/CheatSheetSeries/pull/1399" rel="alternate"/><published>2024-05-09T14:48:24+00:00</published></entry><entry><id>https://github.com/OWASP/CheatSheetSeries/pull/1400</id><title>Fixed typo in XSS cheat sheet</title><updated>2024-05-09T19:48:29+00:00</updated><link href="https://github.com/OWASP/CheatSheetSeries/pull/1400" rel="self"/><link href="https://github.com/OWASP/CheatSheetSeries/pull/1400" rel="alternate"/><published>2024-05-09T19:48:29+00:00</published></entry><entry><id>https://github.com/OWASP/CheatSheetSeries/pull/1403</id><title>Rlt change 5 - Fixed Transaction Authorization Cheat Sheet</title><updated>2024-05-12T03:56:39+00:00</updated><link href="https://github.com/OWASP/CheatSheetSeries/pull/1403" rel="self"/><link href="https://github.com/OWASP/CheatSheetSeries/pull/1403" rel="alternate"/><published>2024-05-12T03:56:39+00:00</published></entry><entry><id>https://github.com/OWASP/CheatSheetSeries/pull/1404</id><title>updated spelling error</title><updated>2024-05-17T14:12:54+00:00</updated><link href="https://github.com/OWASP/CheatSheetSeries/pull/1404" rel="self"/><link href="https://github.com/OWASP/CheatSheetSeries/pull/1404" rel="alternate"/><published>2024-05-17T14:12:54+00:00</published></entry><entry><id>https://github.com/OWASP/CheatSheetSeries/pull/1405</id><title>HTTP Headers: add 'always' to nginx and Apache config</title><updated>2024-05-23T09:28:34+00:00</updated><link href="https://github.com/OWASP/CheatSheetSeries/pull/1405" rel="self"/><link href="https://github.com/OWASP/CheatSheetSeries/pull/1405" rel="alternate"/><published>2024-05-23T09:28:34+00:00</published></entry><entry><id>https://github.com/OWASP/CheatSheetSeries/pull/1406</id><title>Fix typo in Symfony Cheat Sheet</title><updated>2024-05-23T09:28:16+00:00</updated><link href="https://github.com/OWASP/CheatSheetSeries/pull/1406" rel="self"/><link href="https://github.com/OWASP/CheatSheetSeries/pull/1406" rel="alternate"/><published>2024-05-23T09:28:16+00:00</published></entry><entry><id>https://github.com/OWASP/CheatSheetSeries/pull/1408</id><title>Update Transport_Layer_Security_Cheat_Sheet.md</title><updated>2024-05-23T09:27:57+00:00</updated><link href="https://github.com/OWASP/CheatSheetSeries/pull/1408" rel="self"/><link href="https://github.com/OWASP/CheatSheetSeries/pull/1408" rel="alternate"/><published>2024-05-23T09:27:57+00:00</published></entry><entry><id>https://github.com/OWASP/CheatSheetSeries/pull/1409</id><title>Update NPM_Security_Cheat_Sheet.md</title><updated>2024-05-23T17:13:45+00:00</updated><link href="https://github.com/OWASP/CheatSheetSeries/pull/1409" rel="self"/><link href="https://github.com/OWASP/CheatSheetSeries/pull/1409" rel="alternate"/><published>2024-05-23T17:13:45+00:00</published></entry><entry><id>https://github.com/OWASP/CheatSheetSeries/pull/1414</id><title>Fixing a wrong link to OpenCRE</title><updated>2024-05-28T14:34:15+00:00</updated><link href="https://github.com/OWASP/CheatSheetSeries/pull/1414" rel="self"/><link href="https://github.com/OWASP/CheatSheetSeries/pull/1414" rel="alternate"/><published>2024-05-28T14:34:15+00:00</published></entry><entry><id>https://github.com/OWASP/CheatSheetSeries/pull/1416</id><title>Enhance Readability of Control Plane and Node Component Descriptions</title><updated>2024-06-04T09:43:29+00:00</updated><link href="https://github.com/OWASP/CheatSheetSeries/pull/1416" rel="self"/><link href="https://github.com/OWASP/CheatSheetSeries/pull/1416" rel="alternate"/><published>2024-06-04T09:43:29+00:00</published></entry><entry><id>https://github.com/OWASP/CheatSheetSeries/pull/1419</id><title>Add Software Supply Chain Security CS</title><updated>2024-06-07T14:03:06+00:00</updated><link href="https://github.com/OWASP/CheatSheetSeries/pull/1419" rel="self"/><link href="https://github.com/OWASP/CheatSheetSeries/pull/1419" rel="alternate"/><published>2024-06-07T14:03:06+00:00</published></entry><entry><id>https://github.com/OWASP/CheatSheetSeries/pull/1420</id><title>Update LDAP_Injection_Prevention_Cheat_Sheet.md to explain that LinqToLdap is only supported for older .NET Framework versions</title><updated>2024-06-04T10:09:43+00:00</updated><link href="https://github.com/OWASP/CheatSheetSeries/pull/1420" rel="self"/><link href="https://github.com/OWASP/CheatSheetSeries/pull/1420" rel="alternate"/><published>2024-06-04T10:09:43+00:00</published></entry><entry><id>https://github.com/OWASP/CheatSheetSeries/pull/1421</id><title>Update NPM_Security_Cheat_Sheet.md</title><updated>2024-06-04T20:10:59+00:00</updated><link href="https://github.com/OWASP/CheatSheetSeries/pull/1421" rel="self"/><link href="https://github.com/OWASP/CheatSheetSeries/pull/1421" rel="alternate"/><published>2024-06-04T20:10:59+00:00</published></entry><entry><id>https://github.com/OWASP/CheatSheetSeries/pull/1422</id><title>Fix typo in OAuth2_Cheat_Sheet.md</title><updated>2024-06-05T13:12:20+00:00</updated><link href="https://github.com/OWASP/CheatSheetSeries/pull/1422" rel="self"/><link href="https://github.com/OWASP/CheatSheetSeries/pull/1422" rel="alternate"/><published>2024-06-05T13:12:20+00:00</published></entry><entry><id>https://github.com/OWASP/CheatSheetSeries/pull/1423</id><title>Updating TLS cheatsheet per conversation in issue 1413</title><updated>2024-06-11T10:43:13+00:00</updated><link href="https://github.com/OWASP/CheatSheetSeries/pull/1423" rel="self"/><link href="https://github.com/OWASP/CheatSheetSeries/pull/1423" rel="alternate"/><published>2024-06-11T10:43:13+00:00</published></entry><entry><id>https://github.com/OWASP/CheatSheetSeries/pull/1424</id><title>Fix some grammar mistakes in 'Denial of Service'</title><updated>2024-06-05T13:12:07+00:00</updated><link href="https://github.com/OWASP/CheatSheetSeries/pull/1424" rel="self"/><link href="https://github.com/OWASP/CheatSheetSeries/pull/1424" rel="alternate"/><published>2024-06-05T13:12:07+00:00</published></entry><entry><id>https://github.com/OWASP/CheatSheetSeries/pull/1425</id><title>Minor grammar fixes to the threat modeling cheat sheet</title><updated>2024-06-10T13:20:45+00:00</updated><link href="https://github.com/OWASP/CheatSheetSeries/pull/1425" rel="self"/><link href="https://github.com/OWASP/CheatSheetSeries/pull/1425" rel="alternate"/><published>2024-06-10T13:20:45+00:00</published></entry><entry><id>https://github.com/OWASP/CheatSheetSeries/pull/1426</id><title>Creation of HelpGuide.md</title><updated>2024-07-08T08:36:12+00:00</updated><link href="https://github.com/OWASP/CheatSheetSeries/pull/1426" rel="self"/><link href="https://github.com/OWASP/CheatSheetSeries/pull/1426" rel="alternate"/><published>2024-07-08T08:36:12+00:00</published></entry><entry><id>https://github.com/OWASP/CheatSheetSeries/pull/1427</id><title>Small grammar fix. </title><updated>2024-06-11T19:51:25+00:00</updated><link href="https://github.com/OWASP/CheatSheetSeries/pull/1427" rel="self"/><link href="https://github.com/OWASP/CheatSheetSeries/pull/1427" rel="alternate"/><published>2024-06-11T19:51:25+00:00</published></entry><entry><id>https://github.com/OWASP/CheatSheetSeries/pull/1429</id><title>Update Input Validation</title><updated>2024-06-17T06:29:35+00:00</updated><link href="https://github.com/OWASP/CheatSheetSeries/pull/1429" rel="self"/><link href="https://github.com/OWASP/CheatSheetSeries/pull/1429" rel="alternate"/><published>2024-06-17T06:29:35+00:00</published></entry><entry><id>https://github.com/OWASP/CheatSheetSeries/pull/1432</id><title>Fix typos in CI_CD_Security_Cheat_Sheet.md</title><updated>2024-06-20T08:27:02+00:00</updated><link href="https://github.com/OWASP/CheatSheetSeries/pull/1432" rel="self"/><link href="https://github.com/OWASP/CheatSheetSeries/pull/1432" rel="alternate"/><published>2024-06-20T08:27:02+00:00</published></entry><entry><id>https://github.com/OWASP/CheatSheetSeries/pull/1434</id><title>Update Transport_Layer_Security_Cheat_Sheet.md</title><updated>2024-06-24T11:07:11+00:00</updated><link href="https://github.com/OWASP/CheatSheetSeries/pull/1434" rel="self"/><link href="https://github.com/OWASP/CheatSheetSeries/pull/1434" rel="alternate"/><published>2024-06-24T11:07:11+00:00</published></entry><entry><id>https://github.com/OWASP/CheatSheetSeries/pull/1435</id><title>SMS update per issue 1433</title><updated>2024-06-24T10:59:13+00:00</updated><link href="https://github.com/OWASP/CheatSheetSeries/pull/1435" rel="self"/><link href="https://github.com/OWASP/CheatSheetSeries/pull/1435" rel="alternate"/><published>2024-06-24T10:59:13+00:00</published></entry><entry><id>https://github.com/OWASP/CheatSheetSeries/pull/1436</id><title>Fix Typos</title><updated>2024-07-09T06:33:05+00:00</updated><link href="https://github.com/OWASP/CheatSheetSeries/pull/1436" rel="self"/><link href="https://github.com/OWASP/CheatSheetSeries/pull/1436" rel="alternate"/><published>2024-07-09T06:33:05+00:00</published></entry><entry><id>https://github.com/OWASP/CheatSheetSeries/pull/1437</id><title>Fix # counts on examples of abuse cases on Abuse Case Cheat Sheet</title><updated>2024-06-24T11:07:53+00:00</updated><link href="https://github.com/OWASP/CheatSheetSeries/pull/1437" rel="self"/><link href="https://github.com/OWASP/CheatSheetSeries/pull/1437" rel="alternate"/><published>2024-06-24T11:07:53+00:00</published></entry><entry><id>https://github.com/OWASP/CheatSheetSeries/pull/1438</id><title>Microservices security typos</title><updated>2024-06-24T12:53:08+00:00</updated><link href="https://github.com/OWASP/CheatSheetSeries/pull/1438" rel="self"/><link href="https://github.com/OWASP/CheatSheetSeries/pull/1438" rel="alternate"/><published>2024-06-24T12:53:08+00:00</published></entry><entry><id>https://github.com/OWASP/CheatSheetSeries/pull/1440</id><title>Refer to cheat sheet on securely storing keys rather than using environment variables</title><updated>2024-06-25T20:34:38+00:00</updated><link href="https://github.com/OWASP/CheatSheetSeries/pull/1440" rel="self"/><link href="https://github.com/OWASP/CheatSheetSeries/pull/1440" rel="alternate"/><published>2024-06-25T20:34:38+00:00</published></entry><entry><id>https://github.com/OWASP/CheatSheetSeries/pull/1441</id><title>Legacy systems cheat sheet first draft</title><updated>2024-07-14T17:43:31+00:00</updated><link href="https://github.com/OWASP/CheatSheetSeries/pull/1441" rel="self"/><link href="https://github.com/OWASP/CheatSheetSeries/pull/1441" rel="alternate"/><published>2024-07-14T17:43:31+00:00</published></entry><entry><id>https://github.com/OWASP/CheatSheetSeries/pull/1442</id><title>Update LDAP_Injection_Prevention_Cheat_Sheet.md</title><updated>2024-07-02T11:36:10+00:00</updated><link href="https://github.com/OWASP/CheatSheetSeries/pull/1442" rel="self"/><link href="https://github.com/OWASP/CheatSheetSeries/pull/1442" rel="alternate"/><published>2024-07-02T11:36:10+00:00</published></entry><entry><id>https://github.com/OWASP/CheatSheetSeries/pull/1443</id><title>Updates per issue 1165</title><updated>2024-07-03T16:38:26+00:00</updated><link href="https://github.com/OWASP/CheatSheetSeries/pull/1443" rel="self"/><link href="https://github.com/OWASP/CheatSheetSeries/pull/1443" rel="alternate"/><published>2024-07-03T16:38:26+00:00</published></entry><entry><id>https://github.com/OWASP/CheatSheetSeries/pull/1444</id><title>Update Threat_Modeling_Cheat_Sheet.md</title><updated>2024-07-09T06:34:26+00:00</updated><link href="https://github.com/OWASP/CheatSheetSeries/pull/1444" rel="self"/><link href="https://github.com/OWASP/CheatSheetSeries/pull/1444" rel="alternate"/><published>2024-07-09T06:34:26+00:00</published></entry><entry><id>https://github.com/OWASP/CheatSheetSeries/pull/1445</id><title>Update Threat_Modeling_Cheat_Sheet.md</title><updated>2024-07-09T06:33:42+00:00</updated><link href="https://github.com/OWASP/CheatSheetSeries/pull/1445" rel="self"/><link href="https://github.com/OWASP/CheatSheetSeries/pull/1445" rel="alternate"/><published>2024-07-09T06:33:42+00:00</published></entry><entry><id>https://github.com/OWASP/CheatSheetSeries/pull/1447</id><title>Remove navigate-to directive from Content Security Policy Cheat Sheet</title><updated>2024-07-09T10:43:41+00:00</updated><link href="https://github.com/OWASP/CheatSheetSeries/pull/1447" rel="self"/><link href="https://github.com/OWASP/CheatSheetSeries/pull/1447" rel="alternate"/><published>2024-07-09T10:43:41+00:00</published></entry><entry><id>https://github.com/OWASP/CheatSheetSeries/pull/1448</id><title>fix: typo on Update Kubernetes_Security_Cheat_Sheet.md</title><updated>2024-07-09T13:20:10+00:00</updated><link href="https://github.com/OWASP/CheatSheetSeries/pull/1448" rel="self"/><link href="https://github.com/OWASP/CheatSheetSeries/pull/1448" rel="alternate"/><published>2024-07-09T13:20:10+00:00</published></entry><entry><id>https://github.com/OWASP/CheatSheetSeries/pull/1450</id><title>Update IndexASVS.md</title><updated>2024-07-16T13:17:17+00:00</updated><link href="https://github.com/OWASP/CheatSheetSeries/pull/1450" rel="self"/><link href="https://github.com/OWASP/CheatSheetSeries/pull/1450" rel="alternate"/><published>2024-07-16T13:17:17+00:00</published></entry><entry><id>https://github.com/OWASP/CheatSheetSeries/pull/1454</id><title>Remove duplicated example of query string parsing</title><updated>2024-07-26T13:04:53+00:00</updated><link href="https://github.com/OWASP/CheatSheetSeries/pull/1454" rel="self"/><link href="https://github.com/OWASP/CheatSheetSeries/pull/1454" rel="alternate"/><published>2024-07-26T13:04:53+00:00</published></entry><entry><id>https://github.com/OWASP/CheatSheetSeries/pull/1455</id><title> Transport_Layer_Security_Cheat_Sheet.md: updated section on Diffie-Hellman parameters</title><updated>2024-08-03T19:36:28+00:00</updated><link href="https://github.com/OWASP/CheatSheetSeries/pull/1455" rel="self"/><link href="https://github.com/OWASP/CheatSheetSeries/pull/1455" rel="alternate"/><published>2024-08-03T19:36:28+00:00</published></entry><entry><id>https://github.com/OWASP/CheatSheetSeries/pull/1457</id><title>Update Cross_Site_Scripting_Prevention_Cheat_Sheet.md</title><updated>2024-07-31T12:50:38+00:00</updated><link href="https://github.com/OWASP/CheatSheetSeries/pull/1457" rel="self"/><link href="https://github.com/OWASP/CheatSheetSeries/pull/1457" rel="alternate"/><published>2024-07-31T12:50:38+00:00</published></entry><entry><id>https://github.com/OWASP/CheatSheetSeries/pull/1459</id><title>General Markdown Maintenance &amp; Addition of Dockerfile for Easy Testing w/o Python</title><updated>2024-08-07T16:05:32+00:00</updated><link href="https://github.com/OWASP/CheatSheetSeries/pull/1459" rel="self"/><link href="https://github.com/OWASP/CheatSheetSeries/pull/1459" rel="alternate"/><published>2024-08-07T16:05:32+00:00</published></entry><entry><id>https://github.com/OWASP/CheatSheetSeries/pull/1461</id><title>Update PR template to close linked issues</title><updated>2024-08-15T10:47:27+00:00</updated><link href="https://github.com/OWASP/CheatSheetSeries/pull/1461" rel="self"/><link href="https://github.com/OWASP/CheatSheetSeries/pull/1461" rel="alternate"/><published>2024-08-15T10:47:27+00:00</published></entry><entry><id>https://github.com/OWASP/CheatSheetSeries/pull/1462</id><title>Added a bad security question</title><updated>2024-08-29T06:59:35+00:00</updated><link href="https://github.com/OWASP/CheatSheetSeries/pull/1462" rel="self"/><link href="https://github.com/OWASP/CheatSheetSeries/pull/1462" rel="alternate"/><published>2024-08-29T06:59:35+00:00</published></entry><entry><id>https://github.com/OWASP/CheatSheetSeries/pull/1463</id><title>fixed docker cheat sheet typo "simple" changed to "simply"</title><updated>2024-08-08T08:23:14+00:00</updated><link href="https://github.com/OWASP/CheatSheetSeries/pull/1463" rel="self"/><link href="https://github.com/OWASP/CheatSheetSeries/pull/1463" rel="alternate"/><published>2024-08-08T08:23:14+00:00</published></entry><entry><id>https://github.com/OWASP/CheatSheetSeries/pull/1464</id><title>PHP cheat sheet updates.</title><updated>2024-08-08T08:23:55+00:00</updated><link href="https://github.com/OWASP/CheatSheetSeries/pull/1464" rel="self"/><link href="https://github.com/OWASP/CheatSheetSeries/pull/1464" rel="alternate"/><published>2024-08-08T08:23:55+00:00</published></entry><entry><id>https://github.com/OWASP/CheatSheetSeries/pull/1465</id><title>Fix spelling errors in Deserialization_Cheat_Sheet</title><updated>2024-08-08T08:24:56+00:00</updated><link href="https://github.com/OWASP/CheatSheetSeries/pull/1465" rel="self"/><link href="https://github.com/OWASP/CheatSheetSeries/pull/1465" rel="alternate"/><published>2024-08-08T08:24:56+00:00</published></entry><entry><id>https://github.com/OWASP/CheatSheetSeries/pull/1466</id><title>Fixed Dotnet Typos in Dotnet Cheatsheet</title><updated>2024-08-08T08:25:23+00:00</updated><link href="https://github.com/OWASP/CheatSheetSeries/pull/1466" rel="self"/><link href="https://github.com/OWASP/CheatSheetSeries/pull/1466" rel="alternate"/><published>2024-08-08T08:25:23+00:00</published></entry><entry><id>https://github.com/OWASP/CheatSheetSeries/pull/1467</id><title>Update to include modern examples issue #1395</title><updated>2024-08-08T08:44:02+00:00</updated><link href="https://github.com/OWASP/CheatSheetSeries/pull/1467" rel="self"/><link href="https://github.com/OWASP/CheatSheetSeries/pull/1467" rel="alternate"/><published>2024-08-08T08:44:02+00:00</published></entry><entry><id>https://github.com/OWASP/CheatSheetSeries/pull/1469</id><title>Fixed typos in CI/CD Cheat Sheet</title><updated>2024-08-08T08:43:28+00:00</updated><link href="https://github.com/OWASP/CheatSheetSeries/pull/1469" rel="self"/><link href="https://github.com/OWASP/CheatSheetSeries/pull/1469" rel="alternate"/><published>2024-08-08T08:43:28+00:00</published></entry><entry><id>https://github.com/OWASP/CheatSheetSeries/pull/1470</id><title>Fixed Typos in Kubernetes Cheat Sheet</title><updated>2024-08-08T08:42:55+00:00</updated><link href="https://github.com/OWASP/CheatSheetSeries/pull/1470" rel="self"/><link href="https://github.com/OWASP/CheatSheetSeries/pull/1470" rel="alternate"/><published>2024-08-08T08:42:55+00:00</published></entry><entry><id>https://github.com/OWASP/CheatSheetSeries/pull/1471</id><title>I added a few rephrases</title><updated>2024-08-08T08:42:35+00:00</updated><link href="https://github.com/OWASP/CheatSheetSeries/pull/1471" rel="self"/><link href="https://github.com/OWASP/CheatSheetSeries/pull/1471" rel="alternate"/><published>2024-08-08T08:42:35+00:00</published></entry><entry><id>https://github.com/OWASP/CheatSheetSeries/pull/1472</id><title>Update dependencies for vulnerabilities</title><updated>2024-08-08T08:42:09+00:00</updated><link href="https://github.com/OWASP/CheatSheetSeries/pull/1472" rel="self"/><link href="https://github.com/OWASP/CheatSheetSeries/pull/1472" rel="alternate"/><published>2024-08-08T08:42:09+00:00</published></entry><entry><id>https://github.com/OWASP/CheatSheetSeries/pull/1473</id><title>docs: update kubernetes cs for pod security standards</title><updated>2024-09-03T07:52:11+00:00</updated><link href="https://github.com/OWASP/CheatSheetSeries/pull/1473" rel="self"/><link href="https://github.com/OWASP/CheatSheetSeries/pull/1473" rel="alternate"/><published>2024-09-03T07:52:11+00:00</published></entry><entry><id>https://github.com/OWASP/CheatSheetSeries/pull/1474</id><title>fixed typos in DOM Clobbering Cheatsheet "Clobberng" to "Clobbering"</title><updated>2024-08-08T08:24:21+00:00</updated><link href="https://github.com/OWASP/CheatSheetSeries/pull/1474" rel="self"/><link href="https://github.com/OWASP/CheatSheetSeries/pull/1474" rel="alternate"/><published>2024-08-08T08:24:21+00:00</published></entry><entry><id>https://github.com/OWASP/CheatSheetSeries/pull/1475</id><title>PHP cheat sheet: Correct exception_ignore_args</title><updated>2024-08-08T10:43:53+00:00</updated><link href="https://github.com/OWASP/CheatSheetSeries/pull/1475" rel="self"/><link href="https://github.com/OWASP/CheatSheetSeries/pull/1475" rel="alternate"/><published>2024-08-08T10:43:53+00:00</published></entry><entry><id>https://github.com/OWASP/CheatSheetSeries/pull/1476</id><title>Fix inconsistent indentation in `.textlintrc`</title><updated>2024-08-13T08:20:18+00:00</updated><link href="https://github.com/OWASP/CheatSheetSeries/pull/1476" rel="self"/><link href="https://github.com/OWASP/CheatSheetSeries/pull/1476" rel="alternate"/><published>2024-08-13T08:20:18+00:00</published></entry><entry><id>https://github.com/OWASP/CheatSheetSeries/pull/1477</id><title>Update XSS_Filter_Evasion_Cheat_Sheet.md</title><updated>2024-08-29T06:55:26+00:00</updated><link href="https://github.com/OWASP/CheatSheetSeries/pull/1477" rel="self"/><link href="https://github.com/OWASP/CheatSheetSeries/pull/1477" rel="alternate"/><published>2024-08-29T06:55:26+00:00</published></entry><entry><id>https://github.com/OWASP/CheatSheetSeries/pull/1478</id><title>Legacy systems cheat sheet</title><updated>2024-08-29T06:54:55+00:00</updated><link href="https://github.com/OWASP/CheatSheetSeries/pull/1478" rel="self"/><link href="https://github.com/OWASP/CheatSheetSeries/pull/1478" rel="alternate"/><published>2024-08-29T06:54:55+00:00</published></entry><entry><id>https://github.com/OWASP/CheatSheetSeries/pull/1484</id><title>Update Cross_Site_Scripting_Prevention_Cheat_Sheet.md</title><updated>2024-09-09T14:09:19+00:00</updated><link href="https://github.com/OWASP/CheatSheetSeries/pull/1484" rel="self"/><link href="https://github.com/OWASP/CheatSheetSeries/pull/1484" rel="alternate"/><published>2024-09-09T14:09:19+00:00</published></entry><entry><id>https://github.com/OWASP/CheatSheetSeries/pull/1485</id><title>Fix typo in REST_Security_Cheat_Sheet.md</title><updated>2024-09-10T16:51:17+00:00</updated><link href="https://github.com/OWASP/CheatSheetSeries/pull/1485" rel="self"/><link href="https://github.com/OWASP/CheatSheetSeries/pull/1485" rel="alternate"/><published>2024-09-10T16:51:17+00:00</published></entry><entry><id>https://github.com/OWASP/CheatSheetSeries/pull/1487</id><title>Update IndexProactiveControls.md  to archive/2018</title><updated>2024-09-11T13:23:46+00:00</updated><link href="https://github.com/OWASP/CheatSheetSeries/pull/1487" rel="self"/><link href="https://github.com/OWASP/CheatSheetSeries/pull/1487" rel="alternate"/><published>2024-09-11T13:23:46+00:00</published></entry><entry><id>https://github.com/OWASP/CheatSheetSeries/pull/1488</id><title>Update Session ID Entropy/Length in Session_Management_Cheat_Sheet.md</title><updated>2024-09-11T15:28:49+00:00</updated><link href="https://github.com/OWASP/CheatSheetSeries/pull/1488" rel="self"/><link href="https://github.com/OWASP/CheatSheetSeries/pull/1488" rel="alternate"/><published>2024-09-11T15:28:49+00:00</published></entry><entry><id>https://github.com/OWASP/CheatSheetSeries/pull/1489</id><title>Remove Caret char in SSCS</title><updated>2024-09-12T13:02:06+00:00</updated><link href="https://github.com/OWASP/CheatSheetSeries/pull/1489" rel="self"/><link href="https://github.com/OWASP/CheatSheetSeries/pull/1489" rel="alternate"/><published>2024-09-12T13:02:06+00:00</published></entry><entry><id>https://github.com/OWASP/CheatSheetSeries/pull/1490</id><title>Update few more mistakes in SSCS</title><updated>2024-09-12T13:47:36+00:00</updated><link href="https://github.com/OWASP/CheatSheetSeries/pull/1490" rel="self"/><link href="https://github.com/OWASP/CheatSheetSeries/pull/1490" rel="alternate"/><published>2024-09-12T13:47:36+00:00</published></entry><entry><id>https://github.com/OWASP/CheatSheetSeries/pull/1491</id><title>fix CRSF -&gt; CSRF typo</title><updated>2024-09-15T13:23:08+00:00</updated><link href="https://github.com/OWASP/CheatSheetSeries/pull/1491" rel="self"/><link href="https://github.com/OWASP/CheatSheetSeries/pull/1491" rel="alternate"/><published>2024-09-15T13:23:08+00:00</published></entry><entry><id>https://github.com/OWASP/CheatSheetSeries/pull/1495</id><title>Add Threat modeling for builders, Threat Composer</title><updated>2024-09-25T18:45:47+00:00</updated><link href="https://github.com/OWASP/CheatSheetSeries/pull/1495" rel="self"/><link href="https://github.com/OWASP/CheatSheetSeries/pull/1495" rel="alternate"/><published>2024-09-25T18:45:47+00:00</published></entry><entry><id>https://github.com/OWASP/CheatSheetSeries/pull/1496</id><title>Tech writer enhanced clarity of document.</title><updated>2024-10-01T10:23:53+00:00</updated><link href="https://github.com/OWASP/CheatSheetSeries/pull/1496" rel="self"/><link href="https://github.com/OWASP/CheatSheetSeries/pull/1496" rel="alternate"/><published>2024-10-01T10:23:53+00:00</published></entry><entry><id>https://github.com/OWASP/CheatSheetSeries/pull/1497</id><title>Adding policies and legitify references</title><updated>2024-09-29T15:46:36+00:00</updated><link href="https://github.com/OWASP/CheatSheetSeries/pull/1497" rel="self"/><link href="https://github.com/OWASP/CheatSheetSeries/pull/1497" rel="alternate"/><published>2024-09-29T15:46:36+00:00</published></entry><entry><id>https://github.com/OWASP/CheatSheetSeries/pull/1498</id><title>Update upload-artifact to supported version</title><updated>2024-09-29T15:10:52+00:00</updated><link href="https://github.com/OWASP/CheatSheetSeries/pull/1498" rel="self"/><link href="https://github.com/OWASP/CheatSheetSeries/pull/1498" rel="alternate"/><published>2024-09-29T15:10:52+00:00</published></entry><entry><id>https://github.com/OWASP/CheatSheetSeries/pull/1500</id><title>Update build-and-deploy-website.yml</title><updated>2024-09-30T08:56:58+00:00</updated><link href="https://github.com/OWASP/CheatSheetSeries/pull/1500" rel="self"/><link href="https://github.com/OWASP/CheatSheetSeries/pull/1500" rel="alternate"/><published>2024-09-30T08:56:58+00:00</published></entry><entry><id>https://github.com/OWASP/CheatSheetSeries/pull/1502</id><title>Fix file name</title><updated>2024-09-30T15:25:36+00:00</updated><link href="https://github.com/OWASP/CheatSheetSeries/pull/1502" rel="self"/><link href="https://github.com/OWASP/CheatSheetSeries/pull/1502" rel="alternate"/><published>2024-09-30T15:25:36+00:00</published></entry><entry><id>https://github.com/OWASP/CheatSheetSeries/pull/1503</id><title>fix: Fix files' names for Software_Supply_Chain_Security.md and Webhook_Security_Guidelines_CheatSheet.md</title><updated>2024-10-01T08:53:47+00:00</updated><link href="https://github.com/OWASP/CheatSheetSeries/pull/1503" rel="self"/><link href="https://github.com/OWASP/CheatSheetSeries/pull/1503" rel="alternate"/><published>2024-10-01T08:53:47+00:00</published></entry><entry><id>https://github.com/OWASP/CheatSheetSeries/pull/1504</id><title>Correct type of clobbered object properties from `HTMLElement` to `Element`</title><updated>2024-10-01T13:11:46+00:00</updated><link href="https://github.com/OWASP/CheatSheetSeries/pull/1504" rel="self"/><link href="https://github.com/OWASP/CheatSheetSeries/pull/1504" rel="alternate"/><published>2024-10-01T13:11:46+00:00</published></entry><entry><id>https://github.com/OWASP/CheatSheetSeries/pull/1507</id><title>explicitly warn against complexity rules</title><updated>2024-10-01T13:06:39+00:00</updated><link href="https://github.com/OWASP/CheatSheetSeries/pull/1507" rel="self"/><link href="https://github.com/OWASP/CheatSheetSeries/pull/1507" rel="alternate"/><published>2024-10-01T13:06:39+00:00</published></entry></feed>