<?xml version='1.0' encoding='UTF-8'?>
<feed xmlns="http://www.w3.org/2005/Atom" xml:lang="en"><id>https://cheatsheetseries.owasp.org/</id><title>OWASP Cheat Sheet Series update</title><updated>2025-06-03T20:13:53+00:00</updated><author><name>Core team</name><email>dominique.righetto@owasp.org</email></author><link href="https://cheatsheetseries.owasp.org" rel="self"/><link href="https://github.com/OWASP/CheatSheetSeries" rel="alternate"/><generator uri="https://lkiesow.github.io/python-feedgen" version="1.0.0">python-feedgen</generator><icon>https://cheatsheetseries.owasp.org/gitbook/images/favicon.ico</icon><subtitle>List of the last updates on the content</subtitle><entry><id>https://github.com/OWASP/CheatSheetSeries/pull/1542</id><title>SSC Cheatsheet Typo Fixes</title><updated>2024-11-15T11:53:18+00:00</updated><link href="https://github.com/OWASP/CheatSheetSeries/pull/1542"/><link href="https://github.com/OWASP/CheatSheetSeries/pull/1542"/><published>2024-11-15T11:53:18+00:00</published></entry><entry><id>https://github.com/OWASP/CheatSheetSeries/pull/1543</id><title>Update Input_Validation_Cheat_Sheet.md</title><updated>2024-11-18T12:48:03+00:00</updated><link href="https://github.com/OWASP/CheatSheetSeries/pull/1543"/><link href="https://github.com/OWASP/CheatSheetSeries/pull/1543"/><published>2024-11-18T12:48:03+00:00</published></entry><entry><id>https://github.com/OWASP/CheatSheetSeries/pull/1544</id><title>Rename BrowserExtensionVulnerabilities.md to Browser_Extension_Vulnerabilities_Cheat_Sheet.md</title><updated>2024-11-22T13:47:17+00:00</updated><link href="https://github.com/OWASP/CheatSheetSeries/pull/1544"/><link href="https://github.com/OWASP/CheatSheetSeries/pull/1544"/><published>2024-11-22T13:47:17+00:00</published></entry><entry><id>https://github.com/OWASP/CheatSheetSeries/pull/1545</id><title>Create Automotive_Security.md</title><updated>2025-04-10T08:48:11+00:00</updated><link href="https://github.com/OWASP/CheatSheetSeries/pull/1545"/><link href="https://github.com/OWASP/CheatSheetSeries/pull/1545"/><published>2025-04-10T08:48:11+00:00</published></entry><entry><id>https://github.com/OWASP/CheatSheetSeries/pull/1546</id><title>fix(HTTP Headers): remove HTTP in code example</title><updated>2024-11-22T13:46:22+00:00</updated><link href="https://github.com/OWASP/CheatSheetSeries/pull/1546"/><link href="https://github.com/OWASP/CheatSheetSeries/pull/1546"/><published>2024-11-22T13:46:22+00:00</published></entry><entry><id>https://github.com/OWASP/CheatSheetSeries/pull/1548</id><title>Fix links in Legacy_Application_Management_Cheat_Sheet.md</title><updated>2024-11-25T16:34:20+00:00</updated><link href="https://github.com/OWASP/CheatSheetSeries/pull/1548"/><link href="https://github.com/OWASP/CheatSheetSeries/pull/1548"/><published>2024-11-25T16:34:20+00:00</published></entry><entry><id>https://github.com/OWASP/CheatSheetSeries/pull/1549</id><title>Made grammar changes to SQL_Injection_Prevention_Cheat_Sheet</title><updated>2024-11-25T16:31:07+00:00</updated><link href="https://github.com/OWASP/CheatSheetSeries/pull/1549"/><link href="https://github.com/OWASP/CheatSheetSeries/pull/1549"/><published>2024-11-25T16:31:07+00:00</published></entry><entry><id>https://github.com/OWASP/CheatSheetSeries/pull/1550</id><title>DOM Clobbering cheat sheet typo fix</title><updated>2024-11-27T13:29:20+00:00</updated><link href="https://github.com/OWASP/CheatSheetSeries/pull/1550"/><link href="https://github.com/OWASP/CheatSheetSeries/pull/1550"/><published>2024-11-27T13:29:20+00:00</published></entry><entry><id>https://github.com/OWASP/CheatSheetSeries/pull/1551</id><title>Updated the bcrypt description as discussed in #1532</title><updated>2024-12-09T15:59:31+00:00</updated><link href="https://github.com/OWASP/CheatSheetSeries/pull/1551"/><link href="https://github.com/OWASP/CheatSheetSeries/pull/1551"/><published>2024-12-09T15:59:31+00:00</published></entry><entry><id>https://github.com/OWASP/CheatSheetSeries/pull/1552</id><title>Port a Brakeman update to content_tag for Rails 6</title><updated>2024-12-09T16:00:43+00:00</updated><link href="https://github.com/OWASP/CheatSheetSeries/pull/1552"/><link href="https://github.com/OWASP/CheatSheetSeries/pull/1552"/><published>2024-12-09T16:00:43+00:00</published></entry><entry><id>https://github.com/OWASP/CheatSheetSeries/pull/1553</id><title>Update Forgot_Password_Cheat_Sheet.md</title><updated>2024-12-20T10:59:00+00:00</updated><link href="https://github.com/OWASP/CheatSheetSeries/pull/1553"/><link href="https://github.com/OWASP/CheatSheetSeries/pull/1553"/><published>2024-12-20T10:59:00+00:00</published></entry><entry><id>https://github.com/OWASP/CheatSheetSeries/pull/1554</id><title>Update GraphQL_Cheat_Sheet.md</title><updated>2024-12-06T00:04:22+00:00</updated><link href="https://github.com/OWASP/CheatSheetSeries/pull/1554"/><link href="https://github.com/OWASP/CheatSheetSeries/pull/1554"/><published>2024-12-06T00:04:22+00:00</published></entry><entry><id>https://github.com/OWASP/CheatSheetSeries/pull/1556</id><title>Fix link in Threat_Modeling_Cheat_Sheet.md (#1555)</title><updated>2024-12-06T02:53:11+00:00</updated><link href="https://github.com/OWASP/CheatSheetSeries/pull/1556"/><link href="https://github.com/OWASP/CheatSheetSeries/pull/1556"/><published>2024-12-06T02:53:11+00:00</published></entry><entry><id>https://github.com/OWASP/CheatSheetSeries/pull/1557</id><title>Minor grammar updates to the Abuse Case Cheatsheet</title><updated>2025-01-01T00:46:41+00:00</updated><link href="https://github.com/OWASP/CheatSheetSeries/pull/1557"/><link href="https://github.com/OWASP/CheatSheetSeries/pull/1557"/><published>2025-01-01T00:46:41+00:00</published></entry><entry><id>https://github.com/OWASP/CheatSheetSeries/pull/1560</id><title>Update Secrets_Management_Cheat_Sheet.md</title><updated>2024-12-12T17:49:53+00:00</updated><link href="https://github.com/OWASP/CheatSheetSeries/pull/1560"/><link href="https://github.com/OWASP/CheatSheetSeries/pull/1560"/><published>2024-12-12T17:49:53+00:00</published></entry><entry><id>https://github.com/OWASP/CheatSheetSeries/pull/1564</id><title>Update Authorization_Cheat_Sheet.md</title><updated>2024-12-20T10:58:06+00:00</updated><link href="https://github.com/OWASP/CheatSheetSeries/pull/1564"/><link href="https://github.com/OWASP/CheatSheetSeries/pull/1564"/><published>2024-12-20T10:58:06+00:00</published></entry><entry><id>https://github.com/OWASP/CheatSheetSeries/pull/1569</id><title>Minor fixes to the Threat Modelng Cheat Sheet</title><updated>2024-12-29T22:11:17+00:00</updated><link href="https://github.com/OWASP/CheatSheetSeries/pull/1569"/><link href="https://github.com/OWASP/CheatSheetSeries/pull/1569"/><published>2024-12-29T22:11:17+00:00</published></entry><entry><id>https://github.com/OWASP/CheatSheetSeries/pull/1571</id><title>Update w3af URL</title><updated>2025-01-02T09:56:48+00:00</updated><link href="https://github.com/OWASP/CheatSheetSeries/pull/1571"/><link href="https://github.com/OWASP/CheatSheetSeries/pull/1571"/><published>2025-01-02T09:56:48+00:00</published></entry><entry><id>https://github.com/OWASP/CheatSheetSeries/pull/1574</id><title>Improved "sanitization" to "safety"</title><updated>2025-01-03T12:03:07+00:00</updated><link href="https://github.com/OWASP/CheatSheetSeries/pull/1574"/><link href="https://github.com/OWASP/CheatSheetSeries/pull/1574"/><published>2025-01-03T12:03:07+00:00</published></entry><entry><id>https://github.com/OWASP/CheatSheetSeries/pull/1575</id><title>Integrate relationship to threat modeling</title><updated>2025-01-03T13:31:17+00:00</updated><link href="https://github.com/OWASP/CheatSheetSeries/pull/1575"/><link href="https://github.com/OWASP/CheatSheetSeries/pull/1575"/><published>2025-01-03T13:31:17+00:00</published></entry><entry><id>https://github.com/OWASP/CheatSheetSeries/pull/1576</id><title>Updated authentication.md and linked MFA #1520</title><updated>2025-01-07T14:02:23+00:00</updated><link href="https://github.com/OWASP/CheatSheetSeries/pull/1576"/><link href="https://github.com/OWASP/CheatSheetSeries/pull/1576"/><published>2025-01-07T14:02:23+00:00</published></entry><entry><id>https://github.com/OWASP/CheatSheetSeries/pull/1579</id><title>Fix description for XSS Experimental Minimal Encoding Rules #1578</title><updated>2025-01-14T17:07:03+00:00</updated><link href="https://github.com/OWASP/CheatSheetSeries/pull/1579"/><link href="https://github.com/OWASP/CheatSheetSeries/pull/1579"/><published>2025-01-14T17:07:03+00:00</published></entry><entry><id>https://github.com/OWASP/CheatSheetSeries/pull/1581</id><title>Fix function declaration syntax in Node.js security cheat sheet</title><updated>2025-01-16T14:48:43+00:00</updated><link href="https://github.com/OWASP/CheatSheetSeries/pull/1581"/><link href="https://github.com/OWASP/CheatSheetSeries/pull/1581"/><published>2025-01-16T14:48:43+00:00</published></entry><entry><id>https://github.com/OWASP/CheatSheetSeries/pull/1582</id><title>Update Authentication_Cheat_Sheet.md inclusive/neutral terminology</title><updated>2025-01-16T14:59:17+00:00</updated><link href="https://github.com/OWASP/CheatSheetSeries/pull/1582"/><link href="https://github.com/OWASP/CheatSheetSeries/pull/1582"/><published>2025-01-16T14:59:17+00:00</published></entry><entry><id>https://github.com/OWASP/CheatSheetSeries/pull/1583</id><title>Update LDAP_Injection_Prevention_Cheat_Sheet.md inclusive terminology</title><updated>2025-01-16T14:58:51+00:00</updated><link href="https://github.com/OWASP/CheatSheetSeries/pull/1583"/><link href="https://github.com/OWASP/CheatSheetSeries/pull/1583"/><published>2025-01-16T14:58:51+00:00</published></entry><entry><id>https://github.com/OWASP/CheatSheetSeries/pull/1584</id><title>Update Session_Management_Cheat_Sheet.md inclusive/neutral terminology</title><updated>2025-01-16T14:57:29+00:00</updated><link href="https://github.com/OWASP/CheatSheetSeries/pull/1584"/><link href="https://github.com/OWASP/CheatSheetSeries/pull/1584"/><published>2025-01-16T14:57:29+00:00</published></entry><entry><id>https://github.com/OWASP/CheatSheetSeries/pull/1585</id><title>Update Session_Management_Cheat_Sheet.md inclusive/netural terminology</title><updated>2025-01-16T14:50:42+00:00</updated><link href="https://github.com/OWASP/CheatSheetSeries/pull/1585"/><link href="https://github.com/OWASP/CheatSheetSeries/pull/1585"/><published>2025-01-16T14:50:42+00:00</published></entry><entry><id>https://github.com/OWASP/CheatSheetSeries/pull/1586</id><title>Update Session_Management_Cheat_Sheet.md inclusive/neutral terminology</title><updated>2025-01-20T14:12:09+00:00</updated><link href="https://github.com/OWASP/CheatSheetSeries/pull/1586"/><link href="https://github.com/OWASP/CheatSheetSeries/pull/1586"/><published>2025-01-20T14:12:09+00:00</published></entry><entry><id>https://github.com/OWASP/CheatSheetSeries/pull/1587</id><title>Update User_Privacy_Protection_Cheat_Sheet.md inclusive/neutral terminology</title><updated>2025-01-16T14:56:22+00:00</updated><link href="https://github.com/OWASP/CheatSheetSeries/pull/1587"/><link href="https://github.com/OWASP/CheatSheetSeries/pull/1587"/><published>2025-01-16T14:56:22+00:00</published></entry><entry><id>https://github.com/OWASP/CheatSheetSeries/pull/1588</id><title>Update Mobile_Application_Security_Cheat_Sheet.md ampersand removal</title><updated>2025-01-16T14:53:51+00:00</updated><link href="https://github.com/OWASP/CheatSheetSeries/pull/1588"/><link href="https://github.com/OWASP/CheatSheetSeries/pull/1588"/><published>2025-01-16T14:53:51+00:00</published></entry><entry><id>https://github.com/OWASP/CheatSheetSeries/pull/1589</id><title>Update Logging_Cheat_Sheet.md ampersand removal</title><updated>2025-01-16T14:52:07+00:00</updated><link href="https://github.com/OWASP/CheatSheetSeries/pull/1589"/><link href="https://github.com/OWASP/CheatSheetSeries/pull/1589"/><published>2025-01-16T14:52:07+00:00</published></entry><entry><id>https://github.com/OWASP/CheatSheetSeries/pull/1590</id><title>Update Authorization_Testing_Automation_Cheat_Sheet.md spelling error</title><updated>2025-01-16T14:48:17+00:00</updated><link href="https://github.com/OWASP/CheatSheetSeries/pull/1590"/><link href="https://github.com/OWASP/CheatSheetSeries/pull/1590"/><published>2025-01-16T14:48:17+00:00</published></entry><entry><id>https://github.com/OWASP/CheatSheetSeries/pull/1591</id><title>Update Mass_Assignment_Cheat_Sheet.md correcting spelling error</title><updated>2025-01-16T14:55:27+00:00</updated><link href="https://github.com/OWASP/CheatSheetSeries/pull/1591"/><link href="https://github.com/OWASP/CheatSheetSeries/pull/1591"/><published>2025-01-16T14:55:27+00:00</published></entry><entry><id>https://github.com/OWASP/CheatSheetSeries/pull/1592</id><title>https://github.com/OWASP/CheatSheetSeries/issues/1561</title><updated>2025-01-17T13:06:56+00:00</updated><link href="https://github.com/OWASP/CheatSheetSeries/pull/1592"/><link href="https://github.com/OWASP/CheatSheetSeries/pull/1592"/><published>2025-01-17T13:06:56+00:00</published></entry><entry><id>https://github.com/OWASP/CheatSheetSeries/pull/1593</id><title>Update Logging_Cheat_Sheet.md ampersand removal</title><updated>2025-01-17T13:05:20+00:00</updated><link href="https://github.com/OWASP/CheatSheetSeries/pull/1593"/><link href="https://github.com/OWASP/CheatSheetSeries/pull/1593"/><published>2025-01-17T13:05:20+00:00</published></entry><entry><id>https://github.com/OWASP/CheatSheetSeries/pull/1594</id><title>Update NPM_Security_Cheat_Sheet.md spelling error</title><updated>2025-01-17T13:05:52+00:00</updated><link href="https://github.com/OWASP/CheatSheetSeries/pull/1594"/><link href="https://github.com/OWASP/CheatSheetSeries/pull/1594"/><published>2025-01-17T13:05:52+00:00</published></entry><entry><id>https://github.com/OWASP/CheatSheetSeries/pull/1595</id><title>Update Session_Management_Cheat_Sheet.md possession and plural change</title><updated>2025-01-24T08:00:55+00:00</updated><link href="https://github.com/OWASP/CheatSheetSeries/pull/1595"/><link href="https://github.com/OWASP/CheatSheetSeries/pull/1595"/><published>2025-01-24T08:00:55+00:00</published></entry><entry><id>https://github.com/OWASP/CheatSheetSeries/pull/1597</id><title>Upate threat modeling cheatsheet</title><updated>2025-01-28T13:55:41+00:00</updated><link href="https://github.com/OWASP/CheatSheetSeries/pull/1597"/><link href="https://github.com/OWASP/CheatSheetSeries/pull/1597"/><published>2025-01-28T13:55:41+00:00</published></entry><entry><id>https://github.com/OWASP/CheatSheetSeries/pull/1599</id><title>Remove outdated Expect-CT advice from Node cheatsheet. Fixes #1598</title><updated>2025-02-02T06:41:59+00:00</updated><link href="https://github.com/OWASP/CheatSheetSeries/pull/1599"/><link href="https://github.com/OWASP/CheatSheetSeries/pull/1599"/><published>2025-02-02T06:41:59+00:00</published></entry><entry><id>https://github.com/OWASP/CheatSheetSeries/pull/1600</id><title>Fix typo in Kubernetes_Security_Cheat_Sheet.md</title><updated>2025-01-29T13:43:10+00:00</updated><link href="https://github.com/OWASP/CheatSheetSeries/pull/1600"/><link href="https://github.com/OWASP/CheatSheetSeries/pull/1600"/><published>2025-01-29T13:43:10+00:00</published></entry><entry><id>https://github.com/OWASP/CheatSheetSeries/pull/1602</id><title>Updated cheat sheet: Removed EMET and added new recommendations.</title><updated>2025-02-02T06:45:31+00:00</updated><link href="https://github.com/OWASP/CheatSheetSeries/pull/1602"/><link href="https://github.com/OWASP/CheatSheetSeries/pull/1602"/><published>2025-02-02T06:45:31+00:00</published></entry><entry><id>https://github.com/OWASP/CheatSheetSeries/pull/1603</id><title>Update Cross_Site_Scripting_Prevention_Cheat_Sheet.md to remove duplicate wording</title><updated>2025-02-03T14:21:20+00:00</updated><link href="https://github.com/OWASP/CheatSheetSeries/pull/1603"/><link href="https://github.com/OWASP/CheatSheetSeries/pull/1603"/><published>2025-02-03T14:21:20+00:00</published></entry><entry><id>https://github.com/OWASP/CheatSheetSeries/pull/1604</id><title>Update Input_Validation_Cheat_Sheet.md missing capitalisation.</title><updated>2025-02-03T14:19:53+00:00</updated><link href="https://github.com/OWASP/CheatSheetSeries/pull/1604"/><link href="https://github.com/OWASP/CheatSheetSeries/pull/1604"/><published>2025-02-03T14:19:53+00:00</published></entry><entry><id>https://github.com/OWASP/CheatSheetSeries/pull/1606</id><title>Change Open Web Application Security Project to Open Worldwide Applic…</title><updated>2025-02-03T14:21:45+00:00</updated><link href="https://github.com/OWASP/CheatSheetSeries/pull/1606"/><link href="https://github.com/OWASP/CheatSheetSeries/pull/1606"/><published>2025-02-03T14:21:45+00:00</published></entry><entry><id>https://github.com/OWASP/CheatSheetSeries/pull/1608</id><title>Update Credential_Stuffing_Prevention_Cheat_Sheet.md</title><updated>2025-02-04T13:17:16+00:00</updated><link href="https://github.com/OWASP/CheatSheetSeries/pull/1608"/><link href="https://github.com/OWASP/CheatSheetSeries/pull/1608"/><published>2025-02-04T13:17:16+00:00</published></entry><entry><id>https://github.com/OWASP/CheatSheetSeries/pull/1610</id><title>Update Password_Storage_Cheat_Sheet.md</title><updated>2025-02-04T13:17:03+00:00</updated><link href="https://github.com/OWASP/CheatSheetSeries/pull/1610"/><link href="https://github.com/OWASP/CheatSheetSeries/pull/1610"/><published>2025-02-04T13:17:03+00:00</published></entry><entry><id>https://github.com/OWASP/CheatSheetSeries/pull/1611</id><title>Fix typos in multiple cheatsheets</title><updated>2025-02-05T09:56:44+00:00</updated><link href="https://github.com/OWASP/CheatSheetSeries/pull/1611"/><link href="https://github.com/OWASP/CheatSheetSeries/pull/1611"/><published>2025-02-05T09:56:44+00:00</published></entry><entry><id>https://github.com/OWASP/CheatSheetSeries/pull/1612</id><title>added the drone security cheatsheet</title><updated>2025-02-20T13:54:33+00:00</updated><link href="https://github.com/OWASP/CheatSheetSeries/pull/1612"/><link href="https://github.com/OWASP/CheatSheetSeries/pull/1612"/><published>2025-02-20T13:54:33+00:00</published></entry><entry><id>https://github.com/OWASP/CheatSheetSeries/pull/1614</id><title>Update XML_External_Entity_Prevention_Cheat_Sheet.md</title><updated>2025-02-19T14:00:09+00:00</updated><link href="https://github.com/OWASP/CheatSheetSeries/pull/1614"/><link href="https://github.com/OWASP/CheatSheetSeries/pull/1614"/><published>2025-02-19T14:00:09+00:00</published></entry><entry><id>https://github.com/OWASP/CheatSheetSeries/pull/1615</id><title>Cookie Theft Mitigation Cheat Sheet</title><updated>2025-02-28T15:22:15+00:00</updated><link href="https://github.com/OWASP/CheatSheetSeries/pull/1615"/><link href="https://github.com/OWASP/CheatSheetSeries/pull/1615"/><published>2025-02-28T15:22:15+00:00</published></entry><entry><id>https://github.com/OWASP/CheatSheetSeries/pull/1616</id><title>Minor grammar fixes to the Docker Security Cheatsheet</title><updated>2025-02-28T15:19:35+00:00</updated><link href="https://github.com/OWASP/CheatSheetSeries/pull/1616"/><link href="https://github.com/OWASP/CheatSheetSeries/pull/1616"/><published>2025-02-28T15:19:35+00:00</published></entry><entry><id>https://github.com/OWASP/CheatSheetSeries/pull/1617</id><title>Tweak ZAP references</title><updated>2025-02-25T14:51:34+00:00</updated><link href="https://github.com/OWASP/CheatSheetSeries/pull/1617"/><link href="https://github.com/OWASP/CheatSheetSeries/pull/1617"/><published>2025-02-25T14:51:34+00:00</published></entry><entry><id>https://github.com/OWASP/CheatSheetSeries/pull/1618</id><title>PR for issue#1458</title><updated>2025-02-26T21:02:21+00:00</updated><link href="https://github.com/OWASP/CheatSheetSeries/pull/1618"/><link href="https://github.com/OWASP/CheatSheetSeries/pull/1618"/><published>2025-02-26T21:02:21+00:00</published></entry><entry><id>https://github.com/OWASP/CheatSheetSeries/pull/1619</id><title>move Cookie Theft Mitigation from cheatsheet_draft/ to cheatsheet/</title><updated>2025-02-28T20:12:13+00:00</updated><link href="https://github.com/OWASP/CheatSheetSeries/pull/1619"/><link href="https://github.com/OWASP/CheatSheetSeries/pull/1619"/><published>2025-02-28T20:12:13+00:00</published></entry><entry><id>https://github.com/OWASP/CheatSheetSeries/pull/1621</id><title>docs(django): Remove unsupported setting</title><updated>2025-03-06T00:42:45+00:00</updated><link href="https://github.com/OWASP/CheatSheetSeries/pull/1621"/><link href="https://github.com/OWASP/CheatSheetSeries/pull/1621"/><published>2025-03-06T00:42:45+00:00</published></entry><entry><id>https://github.com/OWASP/CheatSheetSeries/pull/1622</id><title>Fixing problems with inconsistent log rules</title><updated>2025-03-06T13:50:02+00:00</updated><link href="https://github.com/OWASP/CheatSheetSeries/pull/1622"/><link href="https://github.com/OWASP/CheatSheetSeries/pull/1622"/><published>2025-03-06T13:50:02+00:00</published></entry><entry><id>https://github.com/OWASP/CheatSheetSeries/pull/1624</id><title>Removed dead link in NodeJS Docker Cheat Sheet</title><updated>2025-03-10T13:44:29+00:00</updated><link href="https://github.com/OWASP/CheatSheetSeries/pull/1624"/><link href="https://github.com/OWASP/CheatSheetSeries/pull/1624"/><published>2025-03-10T13:44:29+00:00</published></entry><entry><id>https://github.com/OWASP/CheatSheetSeries/pull/1626</id><title>Rename Drone Security Cheat Sheet</title><updated>2025-03-11T20:35:58+00:00</updated><link href="https://github.com/OWASP/CheatSheetSeries/pull/1626"/><link href="https://github.com/OWASP/CheatSheetSeries/pull/1626"/><published>2025-03-11T20:35:58+00:00</published></entry><entry><id>https://github.com/OWASP/CheatSheetSeries/pull/1628</id><title>Optimise Dockerfile for build cache</title><updated>2025-03-26T15:32:15+00:00</updated><link href="https://github.com/OWASP/CheatSheetSeries/pull/1628"/><link href="https://github.com/OWASP/CheatSheetSeries/pull/1628"/><published>2025-03-26T15:32:15+00:00</published></entry><entry><id>https://github.com/OWASP/CheatSheetSeries/pull/1630</id><title>Update Browser Extension Security Cheat Sheet</title><updated>2025-04-10T08:41:34+00:00</updated><link href="https://github.com/OWASP/CheatSheetSeries/pull/1630"/><link href="https://github.com/OWASP/CheatSheetSeries/pull/1630"/><published>2025-04-10T08:41:34+00:00</published></entry><entry><id>https://github.com/OWASP/CheatSheetSeries/pull/1632</id><title>Fix false positive/negative error in Cookie Theft Mitigation</title><updated>2025-04-11T22:50:10+00:00</updated><link href="https://github.com/OWASP/CheatSheetSeries/pull/1632"/><link href="https://github.com/OWASP/CheatSheetSeries/pull/1632"/><published>2025-04-11T22:50:10+00:00</published></entry><entry><id>https://github.com/OWASP/CheatSheetSeries/pull/1633</id><title>Broke into general log use cases + security use cases.</title><updated>2025-03-26T15:31:14+00:00</updated><link href="https://github.com/OWASP/CheatSheetSeries/pull/1633"/><link href="https://github.com/OWASP/CheatSheetSeries/pull/1633"/><published>2025-03-26T15:31:14+00:00</published></entry><entry><id>https://github.com/OWASP/CheatSheetSeries/pull/1634</id><title>Add HMAC validation pseudocode.</title><updated>2025-04-22T13:39:35+00:00</updated><link href="https://github.com/OWASP/CheatSheetSeries/pull/1634"/><link href="https://github.com/OWASP/CheatSheetSeries/pull/1634"/><published>2025-04-22T13:39:35+00:00</published></entry><entry><id>https://github.com/OWASP/CheatSheetSeries/pull/1635</id><title>Use the correct article in front of the XSS abbreviation</title><updated>2025-03-26T15:29:16+00:00</updated><link href="https://github.com/OWASP/CheatSheetSeries/pull/1635"/><link href="https://github.com/OWASP/CheatSheetSeries/pull/1635"/><published>2025-03-26T15:29:16+00:00</published></entry><entry><id>https://github.com/OWASP/CheatSheetSeries/pull/1637</id><title>Update Authentication_Cheat_Sheet.md</title><updated>2025-04-01T12:00:59+00:00</updated><link href="https://github.com/OWASP/CheatSheetSeries/pull/1637"/><link href="https://github.com/OWASP/CheatSheetSeries/pull/1637"/><published>2025-04-01T12:00:59+00:00</published></entry><entry><id>https://github.com/OWASP/CheatSheetSeries/pull/1638</id><title>Rework text and add some content that was removed from ASVS.</title><updated>2025-04-08T22:32:02+00:00</updated><link href="https://github.com/OWASP/CheatSheetSeries/pull/1638"/><link href="https://github.com/OWASP/CheatSheetSeries/pull/1638"/><published>2025-04-08T22:32:02+00:00</published></entry><entry><id>https://github.com/OWASP/CheatSheetSeries/pull/1639</id><title>Remove link that no longer contains information</title><updated>2025-04-08T22:32:34+00:00</updated><link href="https://github.com/OWASP/CheatSheetSeries/pull/1639"/><link href="https://github.com/OWASP/CheatSheetSeries/pull/1639"/><published>2025-04-08T22:32:34+00:00</published></entry><entry><id>https://github.com/OWASP/CheatSheetSeries/pull/1640</id><title>Fix incorrect use of false positives/negatives in Cookie Theft Mitigation (Fixes #1631)</title><updated>2025-04-08T16:42:47+00:00</updated><link href="https://github.com/OWASP/CheatSheetSeries/pull/1640"/><link href="https://github.com/OWASP/CheatSheetSeries/pull/1640"/><published>2025-04-08T16:42:47+00:00</published></entry><entry><id>https://github.com/OWASP/CheatSheetSeries/pull/1642</id><title>Update Session_Management_Cheat_Sheet.md</title><updated>2025-04-11T22:49:34+00:00</updated><link href="https://github.com/OWASP/CheatSheetSeries/pull/1642"/><link href="https://github.com/OWASP/CheatSheetSeries/pull/1642"/><published>2025-04-11T22:49:34+00:00</published></entry><entry><id>https://github.com/OWASP/CheatSheetSeries/pull/1643</id><title>Update Bean_Validation_Cheat_Sheet.md</title><updated>2025-04-14T14:21:16+00:00</updated><link href="https://github.com/OWASP/CheatSheetSeries/pull/1643"/><link href="https://github.com/OWASP/CheatSheetSeries/pull/1643"/><published>2025-04-14T14:21:16+00:00</published></entry><entry><id>https://github.com/OWASP/CheatSheetSeries/pull/1644</id><title>Update Cross-Site_Request_Forgery_Prevention_Cheat_Sheet - issue 1535</title><updated>2025-04-15T12:43:50+00:00</updated><link href="https://github.com/OWASP/CheatSheetSeries/pull/1644"/><link href="https://github.com/OWASP/CheatSheetSeries/pull/1644"/><published>2025-04-15T12:43:50+00:00</published></entry><entry><id>https://github.com/OWASP/CheatSheetSeries/pull/1645</id><title>Update Session Management Cheat Sheet: use Cache-Control: no-store</title><updated>2025-04-14T14:28:06+00:00</updated><link href="https://github.com/OWASP/CheatSheetSeries/pull/1645"/><link href="https://github.com/OWASP/CheatSheetSeries/pull/1645"/><published>2025-04-14T14:28:06+00:00</published></entry><entry><id>https://github.com/OWASP/CheatSheetSeries/pull/1647</id><title>Update Authentication_Cheat_Sheet.md</title><updated>2025-04-17T14:55:45+00:00</updated><link href="https://github.com/OWASP/CheatSheetSeries/pull/1647"/><link href="https://github.com/OWASP/CheatSheetSeries/pull/1647"/><published>2025-04-17T14:55:45+00:00</published></entry><entry><id>https://github.com/OWASP/CheatSheetSeries/pull/1648</id><title>Spelling error fix on XXE cheat sheet under dot net. </title><updated>2025-04-22T13:41:21+00:00</updated><link href="https://github.com/OWASP/CheatSheetSeries/pull/1648"/><link href="https://github.com/OWASP/CheatSheetSeries/pull/1648"/><published>2025-04-22T13:41:21+00:00</published></entry><entry><id>https://github.com/OWASP/CheatSheetSeries/pull/1649</id><title>fix: missing spell of a filename</title><updated>2025-04-22T19:53:57+00:00</updated><link href="https://github.com/OWASP/CheatSheetSeries/pull/1649"/><link href="https://github.com/OWASP/CheatSheetSeries/pull/1649"/><published>2025-04-22T19:53:57+00:00</published></entry><entry><id>https://github.com/OWASP/CheatSheetSeries/pull/1650</id><title>Promote @szh and @kwwall to project leaders</title><updated>2025-04-22T20:22:08+00:00</updated><link href="https://github.com/OWASP/CheatSheetSeries/pull/1650"/><link href="https://github.com/OWASP/CheatSheetSeries/pull/1650"/><contributor><name>jmanico</name><uri>https://github.com/jmanico</uri></contributor><published>2025-04-22T20:22:08+00:00</published></entry><entry><id>https://github.com/OWASP/CheatSheetSeries/pull/1651</id><title>Update recommendation about safe strings in Django templates</title><updated>2025-04-23T15:53:07+00:00</updated><link href="https://github.com/OWASP/CheatSheetSeries/pull/1651"/><link href="https://github.com/OWASP/CheatSheetSeries/pull/1651"/><published>2025-04-23T15:53:07+00:00</published></entry><entry><id>https://github.com/OWASP/CheatSheetSeries/pull/1652</id><title>XSS_Filter_Evasion_Cheat_Sheet: Fix Markdown link syntax</title><updated>2025-04-24T15:25:12+00:00</updated><link href="https://github.com/OWASP/CheatSheetSeries/pull/1652"/><link href="https://github.com/OWASP/CheatSheetSeries/pull/1652"/><published>2025-04-24T15:25:12+00:00</published></entry><entry><id>https://github.com/OWASP/CheatSheetSeries/pull/1653</id><title>Update links to Django docs</title><updated>2025-04-29T13:22:55+00:00</updated><link href="https://github.com/OWASP/CheatSheetSeries/pull/1653"/><link href="https://github.com/OWASP/CheatSheetSeries/pull/1653"/><published>2025-04-29T13:22:55+00:00</published></entry><entry><id>https://github.com/OWASP/CheatSheetSeries/pull/1654</id><title>Move @kwwall to Core Team at his request</title><updated>2025-04-30T17:47:39+00:00</updated><link href="https://github.com/OWASP/CheatSheetSeries/pull/1654"/><link href="https://github.com/OWASP/CheatSheetSeries/pull/1654"/><published>2025-04-30T17:47:39+00:00</published></entry><entry><id>https://github.com/OWASP/CheatSheetSeries/pull/1656</id><title>Update Kubernetes_Security_Cheat_Sheet.md</title><updated>2025-05-01T17:36:59+00:00</updated><link href="https://github.com/OWASP/CheatSheetSeries/pull/1656"/><link href="https://github.com/OWASP/CheatSheetSeries/pull/1656"/><published>2025-05-01T17:36:59+00:00</published></entry><entry><id>https://github.com/OWASP/CheatSheetSeries/pull/1657</id><title>Add some content on adaptive auth</title><updated>2025-05-19T11:20:36+00:00</updated><link href="https://github.com/OWASP/CheatSheetSeries/pull/1657"/><link href="https://github.com/OWASP/CheatSheetSeries/pull/1657"/><published>2025-05-19T11:20:36+00:00</published></entry><entry><id>https://github.com/OWASP/CheatSheetSeries/pull/1661</id><title>Logging vocab updates</title><updated>2025-05-06T19:53:28+00:00</updated><link href="https://github.com/OWASP/CheatSheetSeries/pull/1661"/><link href="https://github.com/OWASP/CheatSheetSeries/pull/1661"/><published>2025-05-06T19:53:28+00:00</published></entry><entry><id>https://github.com/OWASP/CheatSheetSeries/pull/1662</id><title>Migrate to new datetime API</title><updated>2025-05-06T19:56:17+00:00</updated><link href="https://github.com/OWASP/CheatSheetSeries/pull/1662"/><link href="https://github.com/OWASP/CheatSheetSeries/pull/1662"/><published>2025-05-06T19:56:17+00:00</published></entry><entry><id>https://github.com/OWASP/CheatSheetSeries/pull/1664</id><title>add recommendations on hardware backed security &amp; attestation checks</title><updated>2025-05-19T19:38:47+00:00</updated><link href="https://github.com/OWASP/CheatSheetSeries/pull/1664"/><link href="https://github.com/OWASP/CheatSheetSeries/pull/1664"/><published>2025-05-19T19:38:47+00:00</published></entry><entry><id>https://github.com/OWASP/CheatSheetSeries/pull/1666</id><title>remove IE references</title><updated>2025-05-19T11:19:14+00:00</updated><link href="https://github.com/OWASP/CheatSheetSeries/pull/1666"/><link href="https://github.com/OWASP/CheatSheetSeries/pull/1666"/><published>2025-05-19T11:19:14+00:00</published></entry><entry><id>https://github.com/OWASP/CheatSheetSeries/pull/1671</id><title>Add updates to CSRF Prevention in modern frameworks</title><updated>2025-05-20T13:15:20+00:00</updated><link href="https://github.com/OWASP/CheatSheetSeries/pull/1671"/><link href="https://github.com/OWASP/CheatSheetSeries/pull/1671"/><published>2025-05-20T13:15:20+00:00</published></entry><entry><id>https://github.com/OWASP/CheatSheetSeries/pull/1672</id><title>clarify vulnerabilities of naive double-submit and emphasize required session binding</title><updated>2025-05-26T13:54:35+00:00</updated><link href="https://github.com/OWASP/CheatSheetSeries/pull/1672"/><link href="https://github.com/OWASP/CheatSheetSeries/pull/1672"/><published>2025-05-26T13:54:35+00:00</published></entry><entry><id>https://github.com/OWASP/CheatSheetSeries/pull/1674</id><title>update javascript examples</title><updated>2025-05-26T13:52:23+00:00</updated><link href="https://github.com/OWASP/CheatSheetSeries/pull/1674"/><link href="https://github.com/OWASP/CheatSheetSeries/pull/1674"/><published>2025-05-26T13:52:23+00:00</published></entry><entry><id>https://github.com/OWASP/CheatSheetSeries/pull/1676</id><title>docs: fixing grammar on authorization cheat sheet</title><updated>2025-05-23T08:01:21+00:00</updated><link href="https://github.com/OWASP/CheatSheetSeries/pull/1676"/><link href="https://github.com/OWASP/CheatSheetSeries/pull/1676"/><published>2025-05-23T08:01:21+00:00</published></entry><entry><id>https://github.com/OWASP/CheatSheetSeries/pull/1677</id><title>change outdated information</title><updated>2025-05-26T13:49:28+00:00</updated><link href="https://github.com/OWASP/CheatSheetSeries/pull/1677"/><link href="https://github.com/OWASP/CheatSheetSeries/pull/1677"/><published>2025-05-26T13:49:28+00:00</published></entry><entry><id>https://github.com/OWASP/CheatSheetSeries/pull/1678</id><title>add llm prompt injection cheatsheet</title><updated>2025-05-26T13:48:24+00:00</updated><link href="https://github.com/OWASP/CheatSheetSeries/pull/1678"/><link href="https://github.com/OWASP/CheatSheetSeries/pull/1678"/><published>2025-05-26T13:48:24+00:00</published></entry><entry><id>https://github.com/OWASP/CheatSheetSeries/pull/1680</id><title>docs: fix grammar and clarify JWT token replay prevention strategy</title><updated>2025-05-26T13:45:10+00:00</updated><link href="https://github.com/OWASP/CheatSheetSeries/pull/1680"/><link href="https://github.com/OWASP/CheatSheetSeries/pull/1680"/><published>2025-05-26T13:45:10+00:00</published></entry><entry><id>https://github.com/OWASP/CheatSheetSeries/pull/1681</id><title>rename fundamental to common</title><updated>2025-05-29T17:47:40+00:00</updated><link href="https://github.com/OWASP/CheatSheetSeries/pull/1681"/><link href="https://github.com/OWASP/CheatSheetSeries/pull/1681"/><published>2025-05-29T17:47:40+00:00</published></entry><entry><id>https://github.com/OWASP/CheatSheetSeries/pull/1682</id><title>add Typoglycemia &amp; BoN techniques</title><updated>2025-06-03T20:13:28+00:00</updated><link href="https://github.com/OWASP/CheatSheetSeries/pull/1682"/><link href="https://github.com/OWASP/CheatSheetSeries/pull/1682"/><published>2025-06-03T20:13:28+00:00</published></entry></feed>