<?xml version='1.0' encoding='UTF-8'?>
<feed xmlns="http://www.w3.org/2005/Atom" xml:lang="en"><id>https://cheatsheetseries.owasp.org/</id><title>OWASP Cheat Sheet Series update</title><updated>2022-02-04T21:22:42+00:00</updated><author><name>Core team</name><email>dominique.righetto@owasp.org</email></author><link href="https://cheatsheetseries.owasp.org" rel="self"/><link href="https://github.com/OWASP/CheatSheetSeries" rel="alternate"/><generator uri="https://lkiesow.github.io/python-feedgen" version="0.9.0">python-feedgen</generator><icon>https://cheatsheetseries.owasp.org/gitbook/images/favicon.ico</icon><subtitle>List of the last updates on the content</subtitle><entry><id>https://github.com/OWASP/CheatSheetSeries/pull/710</id><title>Various Authorization and Authentication corrections</title><updated>2021-07-26T14:54:00+00:00</updated><link href="https://github.com/OWASP/CheatSheetSeries/pull/710" rel="self"/><link href="https://github.com/OWASP/CheatSheetSeries/pull/710" rel="alternate"/><published>2021-07-26T14:54:00+00:00</published></entry><entry><id>https://github.com/OWASP/CheatSheetSeries/pull/711</id><title>Various Authorization and Authentication corrections</title><updated>2021-07-26T08:34:16+00:00</updated><link href="https://github.com/OWASP/CheatSheetSeries/pull/711" rel="self"/><link href="https://github.com/OWASP/CheatSheetSeries/pull/711" rel="alternate"/><published>2021-07-26T08:34:16+00:00</published></entry><entry><id>https://github.com/OWASP/CheatSheetSeries/pull/712</id><title>REST_Security_Cheat_Sheet typos </title><updated>2021-07-23T12:38:43+00:00</updated><link href="https://github.com/OWASP/CheatSheetSeries/pull/712" rel="self"/><link href="https://github.com/OWASP/CheatSheetSeries/pull/712" rel="alternate"/><published>2021-07-23T12:38:43+00:00</published></entry><entry><id>https://github.com/OWASP/CheatSheetSeries/pull/713</id><title>SAML_Security_Cheat_Sheet.md typo</title><updated>2021-07-23T12:23:13+00:00</updated><link href="https://github.com/OWASP/CheatSheetSeries/pull/713" rel="self"/><link href="https://github.com/OWASP/CheatSheetSeries/pull/713" rel="alternate"/><published>2021-07-23T12:23:13+00:00</published></entry><entry><id>https://github.com/OWASP/CheatSheetSeries/pull/714</id><title>adding some clarity for authn in Session Management CS</title><updated>2021-08-03T14:07:42+00:00</updated><link href="https://github.com/OWASP/CheatSheetSeries/pull/714" rel="self"/><link href="https://github.com/OWASP/CheatSheetSeries/pull/714" rel="alternate"/><published>2021-08-03T14:07:42+00:00</published></entry><entry><id>https://github.com/OWASP/CheatSheetSeries/pull/715</id><title>Transport Layer Protection CS en_US</title><updated>2021-07-23T12:34:49+00:00</updated><link href="https://github.com/OWASP/CheatSheetSeries/pull/715" rel="self"/><link href="https://github.com/OWASP/CheatSheetSeries/pull/715" rel="alternate"/><published>2021-07-23T12:34:49+00:00</published></entry><entry><id>https://github.com/OWASP/CheatSheetSeries/pull/716</id><title>Web Service Security CS auth updates</title><updated>2021-07-26T08:33:04+00:00</updated><link href="https://github.com/OWASP/CheatSheetSeries/pull/716" rel="self"/><link href="https://github.com/OWASP/CheatSheetSeries/pull/716" rel="alternate"/><published>2021-07-26T08:33:04+00:00</published></entry><entry><id>https://github.com/OWASP/CheatSheetSeries/pull/718</id><title>Updated SAMM v2 reference for abuse cases</title><updated>2021-07-26T08:31:56+00:00</updated><link href="https://github.com/OWASP/CheatSheetSeries/pull/718" rel="self"/><link href="https://github.com/OWASP/CheatSheetSeries/pull/718" rel="alternate"/><published>2021-07-26T08:31:56+00:00</published></entry><entry><id>https://github.com/OWASP/CheatSheetSeries/pull/719</id><title>Update Cross_Site_Scripting_Prevention_Cheat_Sheet.md</title><updated>2021-08-03T07:45:06+00:00</updated><link href="https://github.com/OWASP/CheatSheetSeries/pull/719" rel="self"/><link href="https://github.com/OWASP/CheatSheetSeries/pull/719" rel="alternate"/><published>2021-08-03T07:45:06+00:00</published></entry><entry><id>https://github.com/OWASP/CheatSheetSeries/pull/721</id><title>Adjust information on logging as non-repudiation control</title><updated>2021-08-10T10:04:37+00:00</updated><link href="https://github.com/OWASP/CheatSheetSeries/pull/721" rel="self"/><link href="https://github.com/OWASP/CheatSheetSeries/pull/721" rel="alternate"/><published>2021-08-10T10:04:37+00:00</published></entry><entry><id>https://github.com/OWASP/CheatSheetSeries/pull/722</id><title>Fix link to blog post</title><updated>2021-08-12T12:14:27+00:00</updated><link href="https://github.com/OWASP/CheatSheetSeries/pull/722" rel="self"/><link href="https://github.com/OWASP/CheatSheetSeries/pull/722" rel="alternate"/><published>2021-08-12T12:14:27+00:00</published></entry><entry><id>https://github.com/OWASP/CheatSheetSeries/pull/724</id><title>Create XSSFilterEvasionCheatSheet.md</title><updated>2021-08-16T12:45:32+00:00</updated><link href="https://github.com/OWASP/CheatSheetSeries/pull/724" rel="self"/><link href="https://github.com/OWASP/CheatSheetSeries/pull/724" rel="alternate"/><published>2021-08-16T12:45:32+00:00</published></entry><entry><id>https://github.com/OWASP/CheatSheetSeries/pull/726</id><title>Fix typos discovered by codespell</title><updated>2021-08-15T18:31:18+00:00</updated><link href="https://github.com/OWASP/CheatSheetSeries/pull/726" rel="self"/><link href="https://github.com/OWASP/CheatSheetSeries/pull/726" rel="alternate"/><published>2021-08-15T18:31:18+00:00</published></entry><entry><id>https://github.com/OWASP/CheatSheetSeries/pull/727</id><title>Create IndexTopTen.md</title><updated>2021-09-09T07:38:58+00:00</updated><link href="https://github.com/OWASP/CheatSheetSeries/pull/727" rel="self"/><link href="https://github.com/OWASP/CheatSheetSeries/pull/727" rel="alternate"/><contributor><name>mackowski</name><uri>https://github.com/mackowski</uri></contributor><published>2021-09-09T07:38:58+00:00</published></entry><entry><id>https://github.com/OWASP/CheatSheetSeries/pull/729</id><title>Updated the context for Server &amp; Version Header</title><updated>2021-08-24T18:00:48+00:00</updated><link href="https://github.com/OWASP/CheatSheetSeries/pull/729" rel="self"/><link href="https://github.com/OWASP/CheatSheetSeries/pull/729" rel="alternate"/><published>2021-08-24T18:00:48+00:00</published></entry><entry><id>https://github.com/OWASP/CheatSheetSeries/pull/730</id><title>Fixing a typo in Threat_Modeling_Cheat_Sheet.md</title><updated>2021-08-25T14:20:12+00:00</updated><link href="https://github.com/OWASP/CheatSheetSeries/pull/730" rel="self"/><link href="https://github.com/OWASP/CheatSheetSeries/pull/730" rel="alternate"/><published>2021-08-25T14:20:12+00:00</published></entry><entry><id>https://github.com/OWASP/CheatSheetSeries/pull/731</id><title>Fixed property name, added about eval analogue</title><updated>2021-08-27T07:55:23+00:00</updated><link href="https://github.com/OWASP/CheatSheetSeries/pull/731" rel="self"/><link href="https://github.com/OWASP/CheatSheetSeries/pull/731" rel="alternate"/><published>2021-08-27T07:55:23+00:00</published></entry><entry><id>https://github.com/OWASP/CheatSheetSeries/pull/733</id><title>Adding :key: secrets detection options to the Docker Security Cheat S…</title><updated>2021-09-08T13:11:07+00:00</updated><link href="https://github.com/OWASP/CheatSheetSeries/pull/733" rel="self"/><link href="https://github.com/OWASP/CheatSheetSeries/pull/733" rel="alternate"/><published>2021-09-08T13:11:07+00:00</published></entry><entry><id>https://github.com/OWASP/CheatSheetSeries/pull/734</id><title>Update md-link-check.yml</title><updated>2021-09-08T12:56:04+00:00</updated><link href="https://github.com/OWASP/CheatSheetSeries/pull/734" rel="self"/><link href="https://github.com/OWASP/CheatSheetSeries/pull/734" rel="alternate"/><published>2021-09-08T12:56:04+00:00</published></entry><entry><id>https://github.com/OWASP/CheatSheetSeries/pull/735</id><title>Update Generate_Site.sh add index top 10</title><updated>2021-09-09T07:56:43+00:00</updated><link href="https://github.com/OWASP/CheatSheetSeries/pull/735" rel="self"/><link href="https://github.com/OWASP/CheatSheetSeries/pull/735" rel="alternate"/><published>2021-09-09T07:56:43+00:00</published></entry><entry><id>https://github.com/OWASP/CheatSheetSeries/pull/736</id><title>Generate IndexTopTen.md</title><updated>2021-09-09T08:17:30+00:00</updated><link href="https://github.com/OWASP/CheatSheetSeries/pull/736" rel="self"/><link href="https://github.com/OWASP/CheatSheetSeries/pull/736" rel="alternate"/><published>2021-09-09T08:17:30+00:00</published></entry><entry><id>https://github.com/OWASP/CheatSheetSeries/pull/737</id><title>Create index top 10 MkDocs folder structure</title><updated>2021-09-09T08:10:04+00:00</updated><link href="https://github.com/OWASP/CheatSheetSeries/pull/737" rel="self"/><link href="https://github.com/OWASP/CheatSheetSeries/pull/737" rel="alternate"/><published>2021-09-09T08:10:04+00:00</published></entry><entry><id>https://github.com/OWASP/CheatSheetSeries/pull/738</id><title>Update IndexTopTen.md</title><updated>2021-09-09T09:37:34+00:00</updated><link href="https://github.com/OWASP/CheatSheetSeries/pull/738" rel="self"/><link href="https://github.com/OWASP/CheatSheetSeries/pull/738" rel="alternate"/><published>2021-09-09T09:37:34+00:00</published></entry><entry><id>https://github.com/OWASP/CheatSheetSeries/pull/739</id><title>XSSFilterEvasionCheatSheet</title><updated>2021-09-11T07:07:39+00:00</updated><link href="https://github.com/OWASP/CheatSheetSeries/pull/739" rel="self"/><link href="https://github.com/OWASP/CheatSheetSeries/pull/739" rel="alternate"/><published>2021-09-11T07:07:39+00:00</published></entry><entry><id>https://github.com/OWASP/CheatSheetSeries/pull/740</id><title>Update Threat_Modeling_Cheat_Sheet.md</title><updated>2021-09-11T17:57:49+00:00</updated><link href="https://github.com/OWASP/CheatSheetSeries/pull/740" rel="self"/><link href="https://github.com/OWASP/CheatSheetSeries/pull/740" rel="alternate"/><published>2021-09-11T17:57:49+00:00</published></entry><entry><id>https://github.com/OWASP/CheatSheetSeries/pull/742</id><title>Update the Threat Dragon releases link</title><updated>2021-09-14T14:57:42+00:00</updated><link href="https://github.com/OWASP/CheatSheetSeries/pull/742" rel="self"/><link href="https://github.com/OWASP/CheatSheetSeries/pull/742" rel="alternate"/><published>2021-09-14T14:57:42+00:00</published></entry><entry><id>https://github.com/OWASP/CheatSheetSeries/pull/743</id><title>Rename cheat sheets (adds underscores)</title><updated>2021-09-16T16:26:04+00:00</updated><link href="https://github.com/OWASP/CheatSheetSeries/pull/743" rel="self"/><link href="https://github.com/OWASP/CheatSheetSeries/pull/743" rel="alternate"/><published>2021-09-16T16:26:04+00:00</published></entry><entry><id>https://github.com/OWASP/CheatSheetSeries/pull/744</id><title>Fixing various typos, spelling and a broken link</title><updated>2021-09-19T00:21:48+00:00</updated><link href="https://github.com/OWASP/CheatSheetSeries/pull/744" rel="self"/><link href="https://github.com/OWASP/CheatSheetSeries/pull/744" rel="alternate"/><published>2021-09-19T00:21:48+00:00</published></entry><entry><id>https://github.com/OWASP/CheatSheetSeries/pull/745</id><title>Remove duplicated paragraph</title><updated>2021-09-19T00:04:44+00:00</updated><link href="https://github.com/OWASP/CheatSheetSeries/pull/745" rel="self"/><link href="https://github.com/OWASP/CheatSheetSeries/pull/745" rel="alternate"/><published>2021-09-19T00:04:44+00:00</published></entry><entry><id>https://github.com/OWASP/CheatSheetSeries/pull/748</id><title>XXE cheatsheet: Add message to say that PHP8+ prevents XXE by default.</title><updated>2021-09-24T17:44:14+00:00</updated><link href="https://github.com/OWASP/CheatSheetSeries/pull/748" rel="self"/><link href="https://github.com/OWASP/CheatSheetSeries/pull/748" rel="alternate"/><published>2021-09-24T17:44:14+00:00</published></entry><entry><id>https://github.com/OWASP/CheatSheetSeries/pull/749</id><title>Update online tool list with Scanigma</title><updated>2021-10-05T14:52:37+00:00</updated><link href="https://github.com/OWASP/CheatSheetSeries/pull/749" rel="self"/><link href="https://github.com/OWASP/CheatSheetSeries/pull/749" rel="alternate"/><published>2021-10-05T14:52:37+00:00</published></entry><entry><id>https://github.com/OWASP/CheatSheetSeries/pull/750</id><title>Fix typo in Credential_Stuffing_Prevention_Cheat_Sheet.md</title><updated>2021-10-05T18:35:54+00:00</updated><link href="https://github.com/OWASP/CheatSheetSeries/pull/750" rel="self"/><link href="https://github.com/OWASP/CheatSheetSeries/pull/750" rel="alternate"/><published>2021-10-05T18:35:54+00:00</published></entry><entry><id>https://github.com/OWASP/CheatSheetSeries/pull/751</id><title>Fix type in customerrors</title><updated>2021-10-07T12:01:26+00:00</updated><link href="https://github.com/OWASP/CheatSheetSeries/pull/751" rel="self"/><link href="https://github.com/OWASP/CheatSheetSeries/pull/751" rel="alternate"/><published>2021-10-07T12:01:26+00:00</published></entry><entry><id>https://github.com/OWASP/CheatSheetSeries/pull/753</id><title>Create Secrets_Management_CheatSheet.md Initial Work (in drafts!)</title><updated>2021-10-09T20:40:29+00:00</updated><link href="https://github.com/OWASP/CheatSheetSeries/pull/753" rel="self"/><link href="https://github.com/OWASP/CheatSheetSeries/pull/753" rel="alternate"/><published>2021-10-09T20:40:29+00:00</published></entry><entry><id>https://github.com/OWASP/CheatSheetSeries/pull/757</id><title>Added change password recommendation.</title><updated>2021-10-11T09:17:16+00:00</updated><link href="https://github.com/OWASP/CheatSheetSeries/pull/757" rel="self"/><link href="https://github.com/OWASP/CheatSheetSeries/pull/757" rel="alternate"/><published>2021-10-11T09:17:16+00:00</published></entry><entry><id>https://github.com/OWASP/CheatSheetSeries/pull/759</id><title>Add setting XMLConstants.ACCESS_EXTERNAL_DTD to XMLInputFactory</title><updated>2021-10-13T14:04:26+00:00</updated><link href="https://github.com/OWASP/CheatSheetSeries/pull/759" rel="self"/><link href="https://github.com/OWASP/CheatSheetSeries/pull/759" rel="alternate"/><published>2021-10-13T14:04:26+00:00</published></entry><entry><id>https://github.com/OWASP/CheatSheetSeries/pull/760</id><title>Add HTTP Headers Cheat Sheet</title><updated>2021-10-19T13:55:25+00:00</updated><link href="https://github.com/OWASP/CheatSheetSeries/pull/760" rel="self"/><link href="https://github.com/OWASP/CheatSheetSeries/pull/760" rel="alternate"/><published>2021-10-19T13:55:25+00:00</published></entry><entry><id>https://github.com/OWASP/CheatSheetSeries/pull/764</id><title>Update HTTP Headers Cheat Sheet Draft</title><updated>2021-10-20T15:17:01+00:00</updated><link href="https://github.com/OWASP/CheatSheetSeries/pull/764" rel="self"/><link href="https://github.com/OWASP/CheatSheetSeries/pull/764" rel="alternate"/><published>2021-10-20T15:17:01+00:00</published></entry><entry><id>https://github.com/OWASP/CheatSheetSeries/pull/766</id><title>Update README.md</title><updated>2021-10-21T19:53:58+00:00</updated><link href="https://github.com/OWASP/CheatSheetSeries/pull/766" rel="self"/><link href="https://github.com/OWASP/CheatSheetSeries/pull/766" rel="alternate"/><published>2021-10-21T19:53:58+00:00</published></entry><entry><id>https://github.com/OWASP/CheatSheetSeries/pull/768</id><title>Move HTTP Security Response Headers Cheat Sheet to the main branch</title><updated>2021-10-22T16:39:21+00:00</updated><link href="https://github.com/OWASP/CheatSheetSeries/pull/768" rel="self"/><link href="https://github.com/OWASP/CheatSheetSeries/pull/768" rel="alternate"/><published>2021-10-22T16:39:21+00:00</published></entry><entry><id>https://github.com/OWASP/CheatSheetSeries/pull/769</id><title>Explain X-XSS-Protection:0 recommendation</title><updated>2021-10-23T16:21:53+00:00</updated><link href="https://github.com/OWASP/CheatSheetSeries/pull/769" rel="self"/><link href="https://github.com/OWASP/CheatSheetSeries/pull/769" rel="alternate"/><published>2021-10-23T16:21:53+00:00</published></entry><entry><id>https://github.com/OWASP/CheatSheetSeries/pull/770</id><title>Header CS Tweaks</title><updated>2021-10-23T16:27:08+00:00</updated><link href="https://github.com/OWASP/CheatSheetSeries/pull/770" rel="self"/><link href="https://github.com/OWASP/CheatSheetSeries/pull/770" rel="alternate"/><published>2021-10-23T16:27:08+00:00</published></entry><entry><id>https://github.com/OWASP/CheatSheetSeries/pull/771</id><title>Update Cross-Site_Request_Forgery_Prevention_Cheat_Sheet.md</title><updated>2021-10-24T22:22:27+00:00</updated><link href="https://github.com/OWASP/CheatSheetSeries/pull/771" rel="self"/><link href="https://github.com/OWASP/CheatSheetSeries/pull/771" rel="alternate"/><published>2021-10-24T22:22:27+00:00</published></entry><entry><id>https://github.com/OWASP/CheatSheetSeries/pull/775</id><title>Add link to OSHP in references</title><updated>2021-10-28T02:26:10+00:00</updated><link href="https://github.com/OWASP/CheatSheetSeries/pull/775" rel="self"/><link href="https://github.com/OWASP/CheatSheetSeries/pull/775" rel="alternate"/><published>2021-10-28T02:26:10+00:00</published></entry><entry><id>https://github.com/OWASP/CheatSheetSeries/pull/776</id><title>Add argument escaping to .NET OS Command injection examples to resolve #774</title><updated>2021-10-30T14:33:20+00:00</updated><link href="https://github.com/OWASP/CheatSheetSeries/pull/776" rel="self"/><link href="https://github.com/OWASP/CheatSheetSeries/pull/776" rel="alternate"/><published>2021-10-30T14:33:20+00:00</published></entry><entry><id>https://github.com/OWASP/CheatSheetSeries/pull/777</id><title>csp generator links</title><updated>2021-10-28T16:31:37+00:00</updated><link href="https://github.com/OWASP/CheatSheetSeries/pull/777" rel="self"/><link href="https://github.com/OWASP/CheatSheetSeries/pull/777" rel="alternate"/><published>2021-10-28T16:31:37+00:00</published></entry><entry><id>https://github.com/OWASP/CheatSheetSeries/pull/778</id><title>Shortening lines so that horizontal scrollbars are not needed in changes added in #776</title><updated>2021-11-01T02:19:52+00:00</updated><link href="https://github.com/OWASP/CheatSheetSeries/pull/778" rel="self"/><link href="https://github.com/OWASP/CheatSheetSeries/pull/778" rel="alternate"/><published>2021-11-01T02:19:52+00:00</published></entry><entry><id>https://github.com/OWASP/CheatSheetSeries/pull/779</id><title>Update HTTP_Headers_Cheat_Sheet.md</title><updated>2021-11-01T17:31:48+00:00</updated><link href="https://github.com/OWASP/CheatSheetSeries/pull/779" rel="self"/><link href="https://github.com/OWASP/CheatSheetSeries/pull/779" rel="alternate"/><published>2021-11-01T17:31:48+00:00</published></entry><entry><id>https://github.com/OWASP/CheatSheetSeries/pull/780</id><title>Update HTTP_Headers_Cheat_Sheet.md</title><updated>2021-11-01T17:37:21+00:00</updated><link href="https://github.com/OWASP/CheatSheetSeries/pull/780" rel="self"/><link href="https://github.com/OWASP/CheatSheetSeries/pull/780" rel="alternate"/><published>2021-11-01T17:37:21+00:00</published></entry><entry><id>https://github.com/OWASP/CheatSheetSeries/pull/781</id><title>Rename Application_Logging_Vocabulary_Cheat_Sheet.md to Logging_Vocabulary_Cheat_Sheet.md</title><updated>2021-11-02T15:37:50+00:00</updated><link href="https://github.com/OWASP/CheatSheetSeries/pull/781" rel="self"/><link href="https://github.com/OWASP/CheatSheetSeries/pull/781" rel="alternate"/><published>2021-11-02T15:37:50+00:00</published></entry><entry><id>https://github.com/OWASP/CheatSheetSeries/pull/782</id><title>Updating Clickjacking SameSite cookie link</title><updated>2021-11-04T16:13:19+00:00</updated><link href="https://github.com/OWASP/CheatSheetSeries/pull/782" rel="self"/><link href="https://github.com/OWASP/CheatSheetSeries/pull/782" rel="alternate"/><published>2021-11-04T16:13:19+00:00</published></entry><entry><id>https://github.com/OWASP/CheatSheetSeries/pull/783</id><title>fix typo in Threat_Modeling_Cheat_Sheet</title><updated>2021-11-06T15:31:29+00:00</updated><link href="https://github.com/OWASP/CheatSheetSeries/pull/783" rel="self"/><link href="https://github.com/OWASP/CheatSheetSeries/pull/783" rel="alternate"/><published>2021-11-06T15:31:29+00:00</published></entry><entry><id>https://github.com/OWASP/CheatSheetSeries/pull/785</id><title>secrets management cheatsheet iteration</title><updated>2021-12-10T15:48:15+00:00</updated><link href="https://github.com/OWASP/CheatSheetSeries/pull/785" rel="self"/><link href="https://github.com/OWASP/CheatSheetSeries/pull/785" rel="alternate"/><published>2021-12-10T15:48:15+00:00</published></entry><entry><id>https://github.com/OWASP/CheatSheetSeries/pull/786</id><title>Add redirect to Application_Logging_Vocabulary_Cheat_Sheet.html</title><updated>2021-11-12T15:47:57+00:00</updated><link href="https://github.com/OWASP/CheatSheetSeries/pull/786" rel="self"/><link href="https://github.com/OWASP/CheatSheetSeries/pull/786" rel="alternate"/><published>2021-11-12T15:47:57+00:00</published></entry><entry><id>https://github.com/OWASP/CheatSheetSeries/pull/787</id><title>First iteration of 1 and 6 in #124</title><updated>2021-11-15T15:51:13+00:00</updated><link href="https://github.com/OWASP/CheatSheetSeries/pull/787" rel="self"/><link href="https://github.com/OWASP/CheatSheetSeries/pull/787" rel="alternate"/><published>2021-11-15T15:51:13+00:00</published></entry><entry><id>https://github.com/OWASP/CheatSheetSeries/pull/790</id><title>Remove unnecessary word</title><updated>2021-12-03T00:53:43+00:00</updated><link href="https://github.com/OWASP/CheatSheetSeries/pull/790" rel="self"/><link href="https://github.com/OWASP/CheatSheetSeries/pull/790" rel="alternate"/><published>2021-12-03T00:53:43+00:00</published></entry><entry><id>https://github.com/OWASP/CheatSheetSeries/pull/791</id><title>First iteration of 3&amp;4 at #124</title><updated>2021-12-03T00:47:17+00:00</updated><link href="https://github.com/OWASP/CheatSheetSeries/pull/791" rel="self"/><link href="https://github.com/OWASP/CheatSheetSeries/pull/791" rel="alternate"/><published>2021-12-03T00:47:17+00:00</published></entry><entry><id>https://github.com/OWASP/CheatSheetSeries/pull/794</id><title>Updating with newer Microsoft guidance</title><updated>2021-12-03T00:45:58+00:00</updated><link href="https://github.com/OWASP/CheatSheetSeries/pull/794" rel="self"/><link href="https://github.com/OWASP/CheatSheetSeries/pull/794" rel="alternate"/><published>2021-12-03T00:45:58+00:00</published></entry><entry><id>https://github.com/OWASP/CheatSheetSeries/pull/795</id><title>XS Leaks cheatsheet</title><updated>2021-12-07T15:27:18+00:00</updated><link href="https://github.com/OWASP/CheatSheetSeries/pull/795" rel="self"/><link href="https://github.com/OWASP/CheatSheetSeries/pull/795" rel="alternate"/><published>2021-12-07T15:27:18+00:00</published></entry><entry><id>https://github.com/OWASP/CheatSheetSeries/pull/796</id><title>Fix numbered list indentation</title><updated>2021-12-08T09:56:46+00:00</updated><link href="https://github.com/OWASP/CheatSheetSeries/pull/796" rel="self"/><link href="https://github.com/OWASP/CheatSheetSeries/pull/796" rel="alternate"/><published>2021-12-08T09:56:46+00:00</published></entry><entry><id>https://github.com/OWASP/CheatSheetSeries/pull/797</id><title>Updated Secret Management CheastSheet Draft</title><updated>2021-12-13T03:44:49+00:00</updated><link href="https://github.com/OWASP/CheatSheetSeries/pull/797" rel="self"/><link href="https://github.com/OWASP/CheatSheetSeries/pull/797" rel="alternate"/><published>2021-12-13T03:44:49+00:00</published></entry><entry><id>https://github.com/OWASP/CheatSheetSeries/pull/798</id><title>Update README slack invite link</title><updated>2021-12-16T09:52:26+00:00</updated><link href="https://github.com/OWASP/CheatSheetSeries/pull/798" rel="self"/><link href="https://github.com/OWASP/CheatSheetSeries/pull/798" rel="alternate"/><published>2021-12-16T09:52:26+00:00</published></entry><entry><id>https://github.com/OWASP/CheatSheetSeries/pull/799</id><title>DRAFT: WIP at 5 and 8 of https://github.com/OWASP/CheatSheetSeries/issues/124</title><updated>2021-12-21T14:42:39+00:00</updated><link href="https://github.com/OWASP/CheatSheetSeries/pull/799" rel="self"/><link href="https://github.com/OWASP/CheatSheetSeries/pull/799" rel="alternate"/><published>2021-12-21T14:42:39+00:00</published></entry><entry><id>https://github.com/OWASP/CheatSheetSeries/pull/802</id><title>Bug</title><updated>2022-01-03T09:00:09+00:00</updated><link href="https://github.com/OWASP/CheatSheetSeries/pull/802" rel="self"/><link href="https://github.com/OWASP/CheatSheetSeries/pull/802" rel="alternate"/><published>2022-01-03T09:00:09+00:00</published></entry><entry><id>https://github.com/OWASP/CheatSheetSeries/pull/803</id><title>Fix: broken link to Application Logging Vocabulary cheat sheet &amp; updated reference</title><updated>2022-01-03T08:58:19+00:00</updated><link href="https://github.com/OWASP/CheatSheetSeries/pull/803" rel="self"/><link href="https://github.com/OWASP/CheatSheetSeries/pull/803" rel="alternate"/><published>2022-01-03T08:58:19+00:00</published></entry><entry><id>https://github.com/OWASP/CheatSheetSeries/pull/804</id><title>Update Kubernetes_Security_Cheat_Sheet.md</title><updated>2022-01-06T18:01:03+00:00</updated><link href="https://github.com/OWASP/CheatSheetSeries/pull/804" rel="self"/><link href="https://github.com/OWASP/CheatSheetSeries/pull/804" rel="alternate"/><published>2022-01-06T18:01:03+00:00</published></entry><entry><id>https://github.com/OWASP/CheatSheetSeries/pull/805</id><title>fix anti-SQL injection sample code</title><updated>2022-01-06T17:59:58+00:00</updated><link href="https://github.com/OWASP/CheatSheetSeries/pull/805" rel="self"/><link href="https://github.com/OWASP/CheatSheetSeries/pull/805" rel="alternate"/><published>2022-01-06T17:59:58+00:00</published></entry><entry><id>https://github.com/OWASP/CheatSheetSeries/pull/806</id><title>XSS Prevention Cheatsheet Rewrite v2</title><updated>2022-02-02T08:32:07+00:00</updated><link href="https://github.com/OWASP/CheatSheetSeries/pull/806" rel="self"/><link href="https://github.com/OWASP/CheatSheetSeries/pull/806" rel="alternate"/><published>2022-02-02T08:32:07+00:00</published></entry><entry><id>https://github.com/OWASP/CheatSheetSeries/pull/807</id><title>Add OS command injection code to Ruby_on_Rails_Cheat_Sheet</title><updated>2022-01-08T17:02:41+00:00</updated><link href="https://github.com/OWASP/CheatSheetSeries/pull/807" rel="self"/><link href="https://github.com/OWASP/CheatSheetSeries/pull/807" rel="alternate"/><published>2022-01-08T17:02:41+00:00</published></entry><entry><id>https://github.com/OWASP/CheatSheetSeries/pull/808</id><title>Updated references in authorization cheat sheet and typos</title><updated>2022-01-08T17:01:59+00:00</updated><link href="https://github.com/OWASP/CheatSheetSeries/pull/808" rel="self"/><link href="https://github.com/OWASP/CheatSheetSeries/pull/808" rel="alternate"/><published>2022-01-08T17:01:59+00:00</published></entry><entry><id>https://github.com/OWASP/CheatSheetSeries/pull/809</id><title>Corrected the scope of links to make them more natural</title><updated>2022-01-10T01:29:01+00:00</updated><link href="https://github.com/OWASP/CheatSheetSeries/pull/809" rel="self"/><link href="https://github.com/OWASP/CheatSheetSeries/pull/809" rel="alternate"/><published>2022-01-10T01:29:01+00:00</published></entry><entry><id>https://github.com/OWASP/CheatSheetSeries/pull/810</id><title>Update Transport_Layer_Protection_Cheat_Sheet.md</title><updated>2022-01-10T01:28:31+00:00</updated><link href="https://github.com/OWASP/CheatSheetSeries/pull/810" rel="self"/><link href="https://github.com/OWASP/CheatSheetSeries/pull/810" rel="alternate"/><published>2022-01-10T01:28:31+00:00</published></entry><entry><id>https://github.com/OWASP/CheatSheetSeries/pull/811</id><title>Typo &amp; Small Grammar Fixes</title><updated>2022-01-11T11:16:50+00:00</updated><link href="https://github.com/OWASP/CheatSheetSeries/pull/811" rel="self"/><link href="https://github.com/OWASP/CheatSheetSeries/pull/811" rel="alternate"/><published>2022-01-11T11:16:50+00:00</published></entry><entry><id>https://github.com/OWASP/CheatSheetSeries/pull/813</id><title>Draft: WIP: work on section 3 of secret cheatsheet</title><updated>2022-01-16T06:27:23+00:00</updated><link href="https://github.com/OWASP/CheatSheetSeries/pull/813" rel="self"/><link href="https://github.com/OWASP/CheatSheetSeries/pull/813" rel="alternate"/><published>2022-01-16T06:27:23+00:00</published></entry><entry><id>https://github.com/OWASP/CheatSheetSeries/pull/814</id><title>Html5 sec updated references and typo</title><updated>2022-01-25T16:12:53+00:00</updated><link href="https://github.com/OWASP/CheatSheetSeries/pull/814" rel="self"/><link href="https://github.com/OWASP/CheatSheetSeries/pull/814" rel="alternate"/><published>2022-01-25T16:12:53+00:00</published></entry><entry><id>https://github.com/OWASP/CheatSheetSeries/pull/816</id><title>WIP @ section 3, 4(WIP), 5, and 7(WIP) of the SMCS</title><updated>2022-01-25T16:12:28+00:00</updated><link href="https://github.com/OWASP/CheatSheetSeries/pull/816" rel="self"/><link href="https://github.com/OWASP/CheatSheetSeries/pull/816" rel="alternate"/><published>2022-01-25T16:12:28+00:00</published></entry><entry><id>https://github.com/OWASP/CheatSheetSeries/pull/819</id><title>Fix event name in authn_login_successafterfail example</title><updated>2022-01-25T16:12:12+00:00</updated><link href="https://github.com/OWASP/CheatSheetSeries/pull/819" rel="self"/><link href="https://github.com/OWASP/CheatSheetSeries/pull/819" rel="alternate"/><published>2022-01-25T16:12:12+00:00</published></entry><entry><id>https://github.com/OWASP/CheatSheetSeries/pull/821</id><title>Update HTTP_Headers_Cheat_Sheet.md</title><updated>2022-01-25T16:19:43+00:00</updated><link href="https://github.com/OWASP/CheatSheetSeries/pull/821" rel="self"/><link href="https://github.com/OWASP/CheatSheetSeries/pull/821" rel="alternate"/><published>2022-01-25T16:19:43+00:00</published></entry><entry><id>https://github.com/OWASP/CheatSheetSeries/pull/822</id><title>SMCS: evolution &amp; removal (WIP)</title><updated>2022-01-27T11:00:43+00:00</updated><link href="https://github.com/OWASP/CheatSheetSeries/pull/822" rel="self"/><link href="https://github.com/OWASP/CheatSheetSeries/pull/822" rel="alternate"/><published>2022-01-27T11:00:43+00:00</published></entry><entry><id>https://github.com/OWASP/CheatSheetSeries/pull/823</id><title>Update Secrets Management CheatSheet</title><updated>2022-01-27T14:35:36+00:00</updated><link href="https://github.com/OWASP/CheatSheetSeries/pull/823" rel="self"/><link href="https://github.com/OWASP/CheatSheetSeries/pull/823" rel="alternate"/><published>2022-01-27T14:35:36+00:00</published></entry><entry><id>https://github.com/OWASP/CheatSheetSeries/pull/824</id><title>XS-Leaks-Cheat-Sheet Typo Fixes</title><updated>2022-01-27T10:59:25+00:00</updated><link href="https://github.com/OWASP/CheatSheetSeries/pull/824" rel="self"/><link href="https://github.com/OWASP/CheatSheetSeries/pull/824" rel="alternate"/><published>2022-01-27T10:59:25+00:00</published></entry><entry><id>https://github.com/OWASP/CheatSheetSeries/pull/828</id><title>Fix blank link</title><updated>2022-01-30T19:45:50+00:00</updated><link href="https://github.com/OWASP/CheatSheetSeries/pull/828" rel="self"/><link href="https://github.com/OWASP/CheatSheetSeries/pull/828" rel="alternate"/><published>2022-01-30T19:45:50+00:00</published></entry><entry><id>https://github.com/OWASP/CheatSheetSeries/pull/829</id><title>Cheatsheets Secrets Management: Extended section 6 and 7, and removed 8</title><updated>2022-01-30T19:45:18+00:00</updated><link href="https://github.com/OWASP/CheatSheetSeries/pull/829" rel="self"/><link href="https://github.com/OWASP/CheatSheetSeries/pull/829" rel="alternate"/><published>2022-01-30T19:45:18+00:00</published></entry><entry><id>https://github.com/OWASP/CheatSheetSeries/pull/830</id><title>A few more minor updates to the Secrets Management cheatsheet.</title><updated>2022-01-30T19:45:29+00:00</updated><link href="https://github.com/OWASP/CheatSheetSeries/pull/830" rel="self"/><link href="https://github.com/OWASP/CheatSheetSeries/pull/830" rel="alternate"/><published>2022-01-30T19:45:29+00:00</published></entry><entry><id>https://github.com/OWASP/CheatSheetSeries/pull/831</id><title>secrets management: update lifetime section</title><updated>2022-01-30T19:45:38+00:00</updated><link href="https://github.com/OWASP/CheatSheetSeries/pull/831" rel="self"/><link href="https://github.com/OWASP/CheatSheetSeries/pull/831" rel="alternate"/><published>2022-01-30T19:45:38+00:00</published></entry><entry><id>https://github.com/OWASP/CheatSheetSeries/pull/832</id><title>Re-merge cheatsheet updates and extend chapter 4</title><updated>2022-01-31T20:12:30+00:00</updated><link href="https://github.com/OWASP/CheatSheetSeries/pull/832" rel="self"/><link href="https://github.com/OWASP/CheatSheetSeries/pull/832" rel="alternate"/><published>2022-01-31T20:12:30+00:00</published></entry><entry><id>https://github.com/OWASP/CheatSheetSeries/pull/835</id><title>Revert "Re-merge cheatsheet updates and extend chapter 4 (#832)"</title><updated>2022-01-31T20:19:45+00:00</updated><link href="https://github.com/OWASP/CheatSheetSeries/pull/835" rel="self"/><link href="https://github.com/OWASP/CheatSheetSeries/pull/835" rel="alternate"/><published>2022-01-31T20:19:45+00:00</published></entry><entry><id>https://github.com/OWASP/CheatSheetSeries/pull/836</id><title>Revert "Re-merge cheatsheet updates and extend chapter 4"</title><updated>2022-01-31T20:22:32+00:00</updated><link href="https://github.com/OWASP/CheatSheetSeries/pull/836" rel="self"/><link href="https://github.com/OWASP/CheatSheetSeries/pull/836" rel="alternate"/><published>2022-01-31T20:22:32+00:00</published></entry><entry><id>https://github.com/OWASP/CheatSheetSeries/pull/839</id><title>Attribution fix 3</title><updated>2022-01-31T21:25:17+00:00</updated><link href="https://github.com/OWASP/CheatSheetSeries/pull/839" rel="self"/><link href="https://github.com/OWASP/CheatSheetSeries/pull/839" rel="alternate"/><published>2022-01-31T21:25:17+00:00</published></entry><entry><id>https://github.com/OWASP/CheatSheetSeries/pull/840</id><title>Detect &amp; Respond sections via @thatsjet</title><updated>2022-02-01T08:22:52+00:00</updated><link href="https://github.com/OWASP/CheatSheetSeries/pull/840" rel="self"/><link href="https://github.com/OWASP/CheatSheetSeries/pull/840" rel="alternate"/><published>2022-02-01T08:22:52+00:00</published></entry><entry><id>https://github.com/OWASP/CheatSheetSeries/pull/841</id><title>Promote secrets management cheatsheet</title><updated>2022-02-02T21:30:13+00:00</updated><link href="https://github.com/OWASP/CheatSheetSeries/pull/841" rel="self"/><link href="https://github.com/OWASP/CheatSheetSeries/pull/841" rel="alternate"/><published>2022-02-02T21:30:13+00:00</published></entry><entry><id>https://github.com/OWASP/CheatSheetSeries/pull/844</id><title>Security Questions Cheat sheet- Updated Nist reference, background information, typos</title><updated>2022-02-04T21:21:19+00:00</updated><link href="https://github.com/OWASP/CheatSheetSeries/pull/844" rel="self"/><link href="https://github.com/OWASP/CheatSheetSeries/pull/844" rel="alternate"/><published>2022-02-04T21:21:19+00:00</published></entry></feed>